Pais,Patologia,Valor Estandarizado
Africa,Muertes por Enfermedad Cardíaca Reumática,-8.104628079763643e-16
Africa,"Muertes por Cardiomiopatía, Miocarditis y Endocarditis",-9.769962616701378e-16
Africa,Muertes por Enfermedades Circulatorias,-6.439293542825908e-16
Africa,Muertes por Enfermedad Cardíaca Hipertensiva,-9.658940314238861e-16
Africa,Muertes por Ictus Isquémico,1.0103029524088924e-15
Africa,Muertes por Ictus Hemorrágico,-2.6645352591003756e-16
Africa,Muertes por Enfermedad Cardíaca Isquémica,2.231548279496565e-15
Algeria,Muertes por Enfermedad Cardíaca Reumática,-2.7949864644938317e-15
Algeria,"Muertes por Cardiomiopatía, Miocarditis y Endocarditis",6.994405055138486e-16
Algeria,Muertes por Enfermedades Circulatorias,-7.327471962526033e-16
Algeria,Muertes por Enfermedad Cardíaca Hipertensiva,-2.331468351712829e-16
Algeria,Muertes por Ictus Isquémico,-5.995204332975846e-16
Algeria,Muertes por Ictus Hemorrágico,-3.0198066269804257e-15
Algeria,Muertes por Enfermedad Cardíaca Isquémica,2.6645352591003756e-16
Angola,Muertes por Enfermedad Cardíaca Reumática,8.215650382226159e-16
Angola,"Muertes por Cardiomiopatía, Miocarditis y Endocarditis",8.548717289613706e-16
Angola,Muertes por Enfermedades Circulatorias,-7.327471962526033e-16
Angola,Muertes por Enfermedad Cardíaca Hipertensiva,-7.105427357601002e-16
Angola,Muertes por Ictus Isquémico,2.7755575615628914e-16
Angola,Muertes por Ictus Hemorrágico,3.9968028886505636e-16
Angola,Muertes por Enfermedad Cardíaca Isquémica,-2.4424906541753446e-16
Benin,Muertes por Enfermedad Cardíaca Reumática,-1.0658141036401502e-15
Benin,"Muertes por Cardiomiopatía, Miocarditis y Endocarditis",-1.5543122344752192e-15
Benin,Muertes por Enfermedades Circulatorias,8.104628079763643e-16
Benin,Muertes por Enfermedad Cardíaca Hipertensiva,4.551914400963141e-16
Benin,Muertes por Ictus Isquémico,-3.552713678800501e-16
Benin,Muertes por Ictus Hemorrágico,1.7985612998927535e-15
Benin,Muertes por Enfermedad Cardíaca Isquémica,5.773159728050814e-16
Botswana,Muertes por Enfermedad Cardíaca Reumática,4.2188474935755947e-16
Botswana,"Muertes por Cardiomiopatía, Miocarditis y Endocarditis",6.883382752675971e-16
Botswana,Muertes por Enfermedades Circulatorias,1.2656542480726785e-15
Botswana,Muertes por Enfermedad Cardíaca Hipertensiva,-1.0103029524088924e-15
Botswana,Muertes por Ictus Isquémico,-3.0642155479654322e-15
Botswana,Muertes por Ictus Hemorrágico,5.388745005774354e-15
Botswana,Muertes por Enfermedad Cardíaca Isquémica,1.3322676295501878e-15
Burkina Faso,Muertes por Enfermedad Cardíaca Reumática,6.994405055138486e-16
Burkina Faso,"Muertes por Cardiomiopatía, Miocarditis y Endocarditis",-2.331468351712829e-16
Burkina Faso,Muertes por Enfermedades Circulatorias,8.437694987151189e-16
Burkina Faso,Muertes por Enfermedad Cardíaca Hipertensiva,5.551115123125783e-17
Burkina Faso,Muertes por Ictus Isquémico,3.4416913763379854e-16
Burkina Faso,Muertes por Ictus Hemorrágico,9.547918011776346e-16
Burkina Faso,Muertes por Enfermedad Cardíaca Isquémica,-7.660538869913581e-16
Burundi,Muertes por Enfermedad Cardíaca Reumática,3.9440672949808685e-15
Burundi,"Muertes por Cardiomiopatía, Miocarditis y Endocarditis",-5.995204332975846e-16
Burundi,Muertes por Enfermedades Circulatorias,-4.7961634663806766e-15
Burundi,Muertes por Enfermedad Cardíaca Hipertensiva,-3.552713678800501e-15
Burundi,Muertes por Ictus Isquémico,-1.3766765505351941e-15
Burundi,Muertes por Ictus Hemorrágico,1.2878587085651815e-15
Burundi,Muertes por Enfermedad Cardíaca Isquémica,-3.108624468950438e-16
Cape Verde,Muertes por Enfermedad Cardíaca Reumática,1.2823075934420559e-15
Cape Verde,"Muertes por Cardiomiopatía, Miocarditis y Endocarditis",-1.554312234475219e-16
Cape Verde,Muertes por Enfermedades Circulatorias,-2.6645352591003756e-16
Cape Verde,Muertes por Enfermedad Cardíaca Hipertensiva,-6.661338147750939e-16
Cape Verde,Muertes por Ictus Isquémico,-1.1102230246251565e-16
Cape Verde,Muertes por Ictus Hemorrágico,-6.439293542825908e-16
Cape Verde,Muertes por Enfermedad Cardíaca Isquémica,3.3306690738754696e-16
Central African Republic,Muertes por Enfermedad Cardíaca Reumática,-1.887379141862766e-15
Central African Republic,"Muertes por Cardiomiopatía, Miocarditis y Endocarditis",-1.056932319443149e-14
Central African Republic,Muertes por Enfermedades Circulatorias,2.7755575615628914e-16
Central African Republic,Muertes por Enfermedad Cardíaca Hipertensiva,-4.340972026284362e-15
Central African Republic,Muertes por Ictus Isquémico,-2.831068712794149e-15
Central African Republic,Muertes por Ictus Hemorrágico,1.3544720900426909e-15
Central African Republic,Muertes por Enfermedad Cardíaca Isquémica,-4.399258735077183e-15
Chad,Muertes por Enfermedad Cardíaca Reumática,3.175237850427948e-15
Chad,"Muertes por Cardiomiopatía, Miocarditis y Endocarditis",-1.4432899320127036e-16
Chad,Muertes por Enfermedades Circulatorias,-7.216449660063518e-16
Chad,Muertes por Enfermedad Cardíaca Hipertensiva,-1.3544720900426909e-15
Chad,Muertes por Ictus Isquémico,2.6645352591003756e-16
Chad,Muertes por Ictus Hemorrágico,3.3306690738754696e-16
Chad,Muertes por Enfermedad Cardíaca Isquémica,6.217248937900876e-16
Comoros,Muertes por Enfermedad Cardíaca Reumática,1.7263968032921185e-15
Comoros,"Muertes por Cardiomiopatía, Miocarditis y Endocarditis",-2.220446049250313e-16
Comoros,Muertes por Enfermedades Circulatorias,-1.965094753586527e-15
Comoros,Muertes por Enfermedad Cardíaca Hipertensiva,1.0436096431476472e-15
Comoros,Muertes por Ictus Isquémico,-1.2323475573339237e-15
Comoros,Muertes por Ictus Hemorrágico,1.0880185641326535e-15
Comoros,Muertes por Enfermedad Cardíaca Isquémica,-8.881784197001253e-17
Congo,Muertes por Enfermedad Cardíaca Reumática,-4.2188474935755947e-16
Congo,"Muertes por Cardiomiopatía, Miocarditis y Endocarditis",-3.885780586188048e-16
Congo,Muertes por Enfermedades Circulatorias,-2.19824158875781e-15
Congo,Muertes por Enfermedad Cardíaca Hipertensiva,1.5654144647214707e-15
Congo,Muertes por Ictus Isquémico,-7.993605777301127e-16
Congo,Muertes por Ictus Hemorrágico,-1.2212453270876722e-15
Congo,Muertes por Enfermedad Cardíaca Isquémica,1.8207657603852566e-15
Democratic Republic of Congo,Muertes por Enfermedad Cardíaca Reumática,-2.1344037648418636e-15
Democratic Republic of Congo,"Muertes por Cardiomiopatía, Miocarditis y Endocarditis",0.0
Democratic Republic of Congo,Muertes por Enfermedades Circulatorias,-3.3306690738754695e-17
Democratic Republic of Congo,Muertes por Enfermedad Cardíaca Hipertensiva,6.661338147750939e-17
Democratic Republic of Congo,Muertes por Ictus Isquémico,-7.882583474838611e-16
Democratic Republic of Congo,Muertes por Ictus Hemorrágico,6.439293542825908e-16
Democratic Republic of Congo,Muertes por Enfermedad Cardíaca Isquémica,7.882583474838611e-16
Djibouti,Muertes por Enfermedad Cardíaca Reumática,-3.3612002070526613e-15
Djibouti,"Muertes por Cardiomiopatía, Miocarditis y Endocarditis",3.3306690738754695e-17
Djibouti,Muertes por Enfermedades Circulatorias,1.6653345369377348e-16
Djibouti,Muertes por Enfermedad Cardíaca Hipertensiva,-1.887379141862766e-15
Djibouti,Muertes por Ictus Isquémico,-1.9984014443252818e-16
Djibouti,Muertes por Ictus Hemorrágico,-1.0103029524088924e-15
Djibouti,Muertes por Enfermedad Cardíaca Isquémica,5.995204332975846e-16
Egypt,Muertes por Enfermedad Cardíaca Reumática,2.864375403532904e-15
Egypt,"Muertes por Cardiomiopatía, Miocarditis y Endocarditis",-1.1435297153639113e-15
Egypt,Muertes por Enfermedades Circulatorias,-7.771561172376096e-16
Egypt,Muertes por Enfermedad Cardíaca Hipertensiva,-8.881784197001252e-16
Egypt,Muertes por Ictus Isquémico,-4.662936703425658e-16
Egypt,Muertes por Ictus Hemorrágico,-4.0523140398818213e-16
Egypt,Muertes por Enfermedad Cardíaca Isquémica,1.021405182655144e-15
Equatorial Guinea,Muertes por Enfermedad Cardíaca Reumática,7.105427357601002e-16
Equatorial Guinea,"Muertes por Cardiomiopatía, Miocarditis y Endocarditis",-7.882583474838611e-16
Equatorial Guinea,Muertes por Enfermedades Circulatorias,1.3322676295501878e-16
Equatorial Guinea,Muertes por Enfermedad Cardíaca Hipertensiva,4.773959005888173e-16
Equatorial Guinea,Muertes por Ictus Isquémico,-3.4416913763379854e-16
Equatorial Guinea,Muertes por Ictus Hemorrágico,2.120525977034049e-15
Equatorial Guinea,Muertes por Enfermedad Cardíaca Isquémica,6.328271240363392e-16
Eritrea,Muertes por Enfermedad Cardíaca Reumática,-1.8207657603852566e-15
Eritrea,"Muertes por Cardiomiopatía, Miocarditis y Endocarditis",-3.3417713041217213e-15
Eritrea,Muertes por Enfermedades Circulatorias,1.3988810110276972e-15
Eritrea,Muertes por Enfermedad Cardíaca Hipertensiva,-1.1102230246251566e-17
Eritrea,Muertes por Ictus Isquémico,-3.9968028886505636e-16
Eritrea,Muertes por Ictus Hemorrágico,-1.4155343563970746e-15
Eritrea,Muertes por Enfermedad Cardíaca Isquémica,-1.1879386363489174e-15
Eswatini,Muertes por Enfermedad Cardíaca Reumática,-1.3322676295501878e-16
Eswatini,"Muertes por Cardiomiopatía, Miocarditis y Endocarditis",7.494005416219807e-16
Eswatini,Muertes por Enfermedades Circulatorias,1.6292522886374173e-15
Eswatini,Muertes por Enfermedad Cardíaca Hipertensiva,-5.773159728050814e-16
Eswatini,Muertes por Ictus Isquémico,2.7144952952085077e-15
Eswatini,Muertes por Ictus Hemorrágico,7.771561172376096e-16
Eswatini,Muertes por Enfermedad Cardíaca Isquémica,-5.961187489814113e-16
Ethiopia,Muertes por Enfermedad Cardíaca Reumática,-4.773959005888173e-16
Ethiopia,"Muertes por Cardiomiopatía, Miocarditis y Endocarditis",-2.597921877622866e-15
Ethiopia,Muertes por Enfermedades Circulatorias,-1.3100631690576848e-15
Ethiopia,Muertes por Enfermedad Cardíaca Hipertensiva,-1.6875389974302379e-15
Ethiopia,Muertes por Ictus Isquémico,-3.552713678800501e-16
Ethiopia,Muertes por Ictus Hemorrágico,-1.4876988529977098e-15
Ethiopia,Muertes por Enfermedad Cardíaca Isquémica,-1.887379141862766e-15
Gabon,Muertes por Enfermedad Cardíaca Reumática,1.2212453270876723e-16
Gabon,"Muertes por Cardiomiopatía, Miocarditis y Endocarditis",1.099120794378905e-15
Gabon,Muertes por Enfermedades Circulatorias,-1.909583602355269e-15
Gabon,Muertes por Enfermedad Cardíaca Hipertensiva,-2.1593837828959294e-15
Gabon,Muertes por Ictus Isquémico,4.4408920985006264e-17
Gabon,Muertes por Ictus Hemorrágico,-1.5543122344752192e-15
Gabon,Muertes por Enfermedad Cardíaca Isquémica,1.609823385706477e-15
Gambia,Muertes por Enfermedad Cardíaca Reumática,-7.704947790898587e-15
Gambia,"Muertes por Cardiomiopatía, Miocarditis y Endocarditis",-1.1102230246251565e-16
Gambia,Muertes por Enfermedades Circulatorias,-2.886579864025407e-16
Gambia,Muertes por Enfermedad Cardíaca Hipertensiva,3.552713678800501e-16
Gambia,Muertes por Ictus Isquémico,-2.6645352591003756e-16
Gambia,Muertes por Ictus Hemorrágico,1.1324274851176596e-15
Gambia,Muertes por Enfermedad Cardíaca Isquémica,2.4424906541753446e-16
Ghana,Muertes por Enfermedad Cardíaca Reumática,2.2204460492503132e-17
Ghana,"Muertes por Cardiomiopatía, Miocarditis y Endocarditis",-5.662137425588298e-16
Ghana,Muertes por Enfermedades Circulatorias,5.10702591327572e-16
Ghana,Muertes por Enfermedad Cardíaca Hipertensiva,2.6645352591003756e-16
Ghana,Muertes por Ictus Isquémico,6.550315845288424e-16
Ghana,Muertes por Ictus Hemorrágico,-1.7763568394002506e-16
Ghana,Muertes por Enfermedad Cardíaca Isquémica,-9.992007221626409e-17
Guinea,Muertes por Enfermedad Cardíaca Reumática,1.2490009027033011e-15
Guinea,"Muertes por Cardiomiopatía, Miocarditis y Endocarditis",3.3306690738754695e-17
Guinea,Muertes por Enfermedades Circulatorias,1.1102230246251565e-15
Guinea,Muertes por Enfermedad Cardíaca Hipertensiva,-1.7319479184152442e-15
Guinea,Muertes por Ictus Isquémico,-1.4432899320127036e-16
Guinea,Muertes por Ictus Hemorrágico,-9.2148511043888e-16
Guinea,Muertes por Enfermedad Cardíaca Isquémica,-1.6653345369377348e-16
Guinea-Bissau,Muertes por Enfermedad Cardíaca Reumática,2.1427304375265522e-15
Guinea-Bissau,"Muertes por Cardiomiopatía, Miocarditis y Endocarditis",-1.1102230246251566e-17
Guinea-Bissau,Muertes por Enfermedades Circulatorias,-7.882583474838611e-16
Guinea-Bissau,Muertes por Enfermedad Cardíaca Hipertensiva,-2.786659791809143e-15
Guinea-Bissau,Muertes por Ictus Isquémico,2.1427304375265522e-15
Guinea-Bissau,Muertes por Ictus Hemorrágico,5.551115123125783e-16
Guinea-Bissau,Muertes por Enfermedad Cardíaca Isquémica,-1.2323475573339237e-15
Cote d'Ivoire,Muertes por Enfermedad Cardíaca Reumática,-2.1094237467877973e-16
Cote d'Ivoire,"Muertes por Cardiomiopatía, Miocarditis y Endocarditis",5.218048215738236e-16
Cote d'Ivoire,Muertes por Enfermedades Circulatorias,-2.020605904817785e-15
Cote d'Ivoire,Muertes por Enfermedad Cardíaca Hipertensiva,-3.3584246494910985e-15
Cote d'Ivoire,Muertes por Ictus Isquémico,-1.2656542480726785e-15
Cote d'Ivoire,Muertes por Ictus Hemorrágico,-4.057865155004947e-15
Cote d'Ivoire,Muertes por Enfermedad Cardíaca Isquémica,-1.887379141862766e-16
Kenya,Muertes por Enfermedad Cardíaca Reumática,1.5654144647214707e-15
Kenya,"Muertes por Cardiomiopatía, Miocarditis y Endocarditis",0.0
Kenya,Muertes por Enfermedades Circulatorias,-1.7763568394002506e-16
Kenya,Muertes por Enfermedad Cardíaca Hipertensiva,1.9984014443252818e-16
Kenya,Muertes por Ictus Isquémico,-8.659739592076221e-16
Kenya,Muertes por Ictus Hemorrágico,-4.4408920985006264e-17
Kenya,Muertes por Enfermedad Cardíaca Isquémica,2.4424906541753446e-16
Lesotho,Muertes por Enfermedad Cardíaca Reumática,2.1926904736346843e-16
Lesotho,"Muertes por Cardiomiopatía, Miocarditis y Endocarditis",1.3322676295501878e-16
Lesotho,Muertes por Enfermedades Circulatorias,-1.942890293094024e-16
Lesotho,Muertes por Enfermedad Cardíaca Hipertensiva,3.774758283725532e-16
Lesotho,Muertes por Ictus Isquémico,-1.554312234475219e-16
Lesotho,Muertes por Ictus Hemorrágico,2.2759572004815707e-16
Lesotho,Muertes por Enfermedad Cardíaca Isquémica,7.216449660063518e-17
Liberia,Muertes por Enfermedad Cardíaca Reumática,1.6819878823071122e-15
Liberia,"Muertes por Cardiomiopatía, Miocarditis y Endocarditis",-1.1102230246251565e-16
Liberia,Muertes por Enfermedades Circulatorias,4.884981308350689e-16
Liberia,Muertes por Enfermedad Cardíaca Hipertensiva,8.437694987151189e-16
Liberia,Muertes por Ictus Isquémico,7.771561172376096e-16
Liberia,Muertes por Ictus Hemorrágico,9.992007221626409e-17
Liberia,Muertes por Enfermedad Cardíaca Isquémica,-8.881784197001253e-17
Libya,Muertes por Enfermedad Cardíaca Reumática,2.0934642908088107e-15
Libya,"Muertes por Cardiomiopatía, Miocarditis y Endocarditis",-2.4646951146678474e-15
Libya,Muertes por Enfermedades Circulatorias,2.176037128265307e-15
Libya,Muertes por Enfermedad Cardíaca Hipertensiva,-8.770761894538737e-16
Libya,Muertes por Ictus Isquémico,-3.552713678800501e-16
Libya,Muertes por Ictus Hemorrágico,-3.774758283725532e-16
Libya,Muertes por Enfermedad Cardíaca Isquémica,-3.219646771412954e-16
Madagascar,Muertes por Enfermedad Cardíaca Reumática,-2.4091839634365896e-15
Madagascar,"Muertes por Cardiomiopatía, Miocarditis y Endocarditis",-1.3433698597964394e-15
Madagascar,Muertes por Enfermedades Circulatorias,-1.63202784619898e-15
Madagascar,Muertes por Enfermedad Cardíaca Hipertensiva,-3.6637359812630164e-16
Madagascar,Muertes por Ictus Isquémico,-1.1768364061026659e-15
Madagascar,Muertes por Ictus Hemorrágico,2.220446049250313e-16
Madagascar,Muertes por Enfermedad Cardíaca Isquémica,-1.3655743202889426e-15
Malawi,Muertes por Enfermedad Cardíaca Reumática,-2.886579864025407e-16
Malawi,"Muertes por Cardiomiopatía, Miocarditis y Endocarditis",-3.816391647148976e-18
Malawi,Muertes por Enfermedades Circulatorias,-3.219646771412954e-16
Malawi,Muertes por Enfermedad Cardíaca Hipertensiva,4.038436252074007e-15
Malawi,Muertes por Ictus Isquémico,1.5321077739827161e-15
Malawi,Muertes por Ictus Hemorrágico,1.3100631690576848e-15
Malawi,Muertes por Enfermedad Cardíaca Isquémica,-7.882583474838611e-16
Mali,Muertes por Enfermedad Cardíaca Reumática,-2.020605904817785e-15
Mali,"Muertes por Cardiomiopatía, Miocarditis y Endocarditis",-1.909583602355269e-15
Mali,Muertes por Enfermedades Circulatorias,-1.0325074129013957e-15
Mali,Muertes por Enfermedad Cardíaca Hipertensiva,1.5321077739827161e-15
Mali,Muertes por Ictus Isquémico,1.9761969838327787e-15
Mali,Muertes por Ictus Hemorrágico,2.4424906541753446e-16
Mali,Muertes por Enfermedad Cardíaca Isquémica,-3.4416913763379854e-16
Mauritania,Muertes por Enfermedad Cardíaca Reumática,6.716849298982197e-15
Mauritania,"Muertes por Cardiomiopatía, Miocarditis y Endocarditis",4.884981308350689e-16
Mauritania,Muertes por Enfermedades Circulatorias,1.3322676295501878e-16
Mauritania,Muertes por Enfermedad Cardíaca Hipertensiva,1.0658141036401502e-15
Mauritania,Muertes por Ictus Isquémico,5.10702591327572e-16
Mauritania,Muertes por Ictus Hemorrágico,5.773159728050814e-16
Mauritania,Muertes por Enfermedad Cardíaca Isquémica,-4.2188474935755947e-16
Mauritius,Muertes por Enfermedad Cardíaca Reumática,-2.886579864025407e-16
Mauritius,"Muertes por Cardiomiopatía, Miocarditis y Endocarditis",1.1102230246251565e-16
Mauritius,Muertes por Enfermedades Circulatorias,-8.437694987151189e-16
Mauritius,Muertes por Enfermedad Cardíaca Hipertensiva,-1.2212453270876723e-16
Mauritius,Muertes por Ictus Isquémico,3.108624468950438e-16
Mauritius,Muertes por Ictus Hemorrágico,9.992007221626409e-17
Mauritius,Muertes por Enfermedad Cardíaca Isquémica,-3.219646771412954e-16
Morocco,Muertes por Enfermedad Cardíaca Reumática,-8.92619311798626e-15
Morocco,"Muertes por Cardiomiopatía, Miocarditis y Endocarditis",1.1546319456101628e-15
Morocco,Muertes por Enfermedades Circulatorias,-5.218048215738236e-16
Morocco,Muertes por Enfermedad Cardíaca Hipertensiva,6.661338147750939e-17
Morocco,Muertes por Ictus Isquémico,4.2188474935755947e-16
Morocco,Muertes por Ictus Hemorrágico,-5.7509552675583106e-15
Morocco,Muertes por Enfermedad Cardíaca Isquémica,9.769962616701378e-16
Mozambique,Muertes por Enfermedad Cardíaca Reumática,-3.932965064734617e-15
Mozambique,"Muertes por Cardiomiopatía, Miocarditis y Endocarditis",6.7723604502134545e-16
Mozambique,Muertes por Enfermedades Circulatorias,-3.774758283725532e-16
Mozambique,Muertes por Enfermedad Cardíaca Hipertensiva,-6.883382752675971e-16
Mozambique,Muertes por Ictus Isquémico,-6.328271240363392e-16
Mozambique,Muertes por Ictus Hemorrágico,-4.2188474935755947e-16
Mozambique,Muertes por Enfermedad Cardíaca Isquémica,-6.7723604502134545e-16
Namibia,Muertes por Enfermedad Cardíaca Reumática,-1.0880185641326535e-15
Namibia,"Muertes por Cardiomiopatía, Miocarditis y Endocarditis",1.2434497875801752e-15
Namibia,Muertes por Enfermedades Circulatorias,-2.6367796834847468e-15
Namibia,Muertes por Enfermedad Cardíaca Hipertensiva,-1.8481743913056904e-15
Namibia,Muertes por Ictus Isquémico,8.326672684688674e-17
Namibia,Muertes por Ictus Hemorrágico,-5.1403326040144745e-15
Namibia,Muertes por Enfermedad Cardíaca Isquémica,1.3988810110276972e-15
Niger,Muertes por Enfermedad Cardíaca Reumática,-1.8096635301390052e-15
Niger,"Muertes por Cardiomiopatía, Miocarditis y Endocarditis",4.551914400963141e-16
Niger,Muertes por Enfermedades Circulatorias,1.554312234475219e-16
Niger,Muertes por Enfermedad Cardíaca Hipertensiva,6.217248937900876e-16
Niger,Muertes por Ictus Isquémico,-1.3322676295501878e-16
Niger,Muertes por Ictus Hemorrágico,2.997602166487923e-16
Niger,Muertes por Enfermedad Cardíaca Isquémica,-2.331468351712829e-16
Nigeria,Muertes por Enfermedad Cardíaca Reumática,-6.716849298982197e-16
Nigeria,"Muertes por Cardiomiopatía, Miocarditis y Endocarditis",-1.1102230246251566e-17
Nigeria,Muertes por Enfermedades Circulatorias,3.552713678800501e-16
Nigeria,Muertes por Enfermedad Cardíaca Hipertensiva,-2.8754776337791553e-15
Nigeria,Muertes por Ictus Isquémico,-1.1546319456101628e-15
Nigeria,Muertes por Ictus Hemorrágico,1.1629586182948514e-15
Nigeria,Muertes por Enfermedad Cardíaca Isquémica,-2.264854970235319e-15
Rwanda,Muertes por Enfermedad Cardíaca Reumática,2.9420910152566647e-16
Rwanda,"Muertes por Cardiomiopatía, Miocarditis y Endocarditis",-1.4904744105592727e-15
Rwanda,Muertes por Enfermedades Circulatorias,1.6681100944992977e-15
Rwanda,Muertes por Enfermedad Cardíaca Hipertensiva,-2.654126918244515e-16
Rwanda,Muertes por Ictus Isquémico,5.495603971894525e-16
Rwanda,Muertes por Ictus Hemorrágico,6.071532165918825e-16
Rwanda,Muertes por Enfermedad Cardíaca Isquémica,-6.328271240363392e-16
Sao Tome and Principe,Muertes por Enfermedad Cardíaca Reumática,-9.103828801926283e-16
Sao Tome and Principe,"Muertes por Cardiomiopatía, Miocarditis y Endocarditis",6.217248937900876e-16
Sao Tome and Principe,Muertes por Enfermedades Circulatorias,-4.1078251911130794e-16
Sao Tome and Principe,Muertes por Enfermedad Cardíaca Hipertensiva,-1.254552017826427e-15
Sao Tome and Principe,Muertes por Ictus Isquémico,3.552713678800501e-16
Sao Tome and Principe,Muertes por Ictus Hemorrágico,-2.4424906541753446e-16
Sao Tome and Principe,Muertes por Enfermedad Cardíaca Isquémica,9.992007221626409e-17
Senegal,Muertes por Enfermedad Cardíaca Reumática,3.4194869158454822e-15
Senegal,"Muertes por Cardiomiopatía, Miocarditis y Endocarditis",4.3298697960381104e-16
Senegal,Muertes por Enfermedades Circulatorias,2.7755575615628914e-16
Senegal,Muertes por Enfermedad Cardíaca Hipertensiva,1.84297022087776e-15
Senegal,Muertes por Ictus Isquémico,1.3544720900426909e-15
Senegal,Muertes por Ictus Hemorrágico,-1.887379141862766e-15
Senegal,Muertes por Enfermedad Cardíaca Isquémica,1.5099033134902129e-15
Seychelles,Muertes por Enfermedad Cardíaca Reumática,-1.3766765505351941e-15
Seychelles,"Muertes por Cardiomiopatía, Miocarditis y Endocarditis",-2.0983215165415457e-15
Seychelles,Muertes por Enfermedades Circulatorias,-1.4988010832439613e-15
Seychelles,Muertes por Enfermedad Cardíaca Hipertensiva,2.5215940446798866e-15
Seychelles,Muertes por Ictus Isquémico,-1.8318679906315083e-15
Seychelles,Muertes por Ictus Hemorrágico,-5.329070518200751e-16
Seychelles,Muertes por Enfermedad Cardíaca Isquémica,-4.440892098500626e-16
Sierra Leone,Muertes por Enfermedad Cardíaca Reumática,8.770761894538737e-16
Sierra Leone,"Muertes por Cardiomiopatía, Miocarditis y Endocarditis",1.3766765505351941e-15
Sierra Leone,Muertes por Enfermedades Circulatorias,-7.882583474838611e-16
Sierra Leone,Muertes por Enfermedad Cardíaca Hipertensiva,-6.661338147750939e-16
Sierra Leone,Muertes por Ictus Isquémico,9.880984919163894e-16
Sierra Leone,Muertes por Ictus Hemorrágico,1.5987211554602255e-15
Sierra Leone,Muertes por Enfermedad Cardíaca Isquémica,-1.3100631690576848e-15
Somalia,Muertes por Enfermedad Cardíaca Reumática,2.042810365310288e-15
Somalia,"Muertes por Cardiomiopatía, Miocarditis y Endocarditis",8.992806499463768e-16
Somalia,Muertes por Enfermedades Circulatorias,-3.4416913763379854e-16
Somalia,Muertes por Enfermedad Cardíaca Hipertensiva,4.551914400963141e-16
Somalia,Muertes por Ictus Isquémico,1.4432899320127036e-16
Somalia,Muertes por Ictus Hemorrágico,-1.0436096431476472e-15
Somalia,Muertes por Enfermedad Cardíaca Isquémica,-1.3322676295501878e-15
South Africa,Muertes por Enfermedad Cardíaca Reumática,-1.2101430968414207e-15
South Africa,"Muertes por Cardiomiopatía, Miocarditis y Endocarditis",-1.765254609153999e-15
South Africa,Muertes por Enfermedades Circulatorias,-1.2434497875801752e-15
South Africa,Muertes por Enfermedad Cardíaca Hipertensiva,1.3600232051658169e-16
South Africa,Muertes por Ictus Isquémico,3.372302437298913e-16
South Africa,Muertes por Ictus Hemorrágico,5.551115123125783e-15
South Africa,Muertes por Enfermedad Cardíaca Isquémica,1.5457253532691339e-15
South Sudan,Muertes por Enfermedad Cardíaca Reumática,-5.10702591327572e-16
South Sudan,"Muertes por Cardiomiopatía, Miocarditis y Endocarditis",1.554312234475219e-16
South Sudan,Muertes por Enfermedades Circulatorias,-9.43689570931383e-16
South Sudan,Muertes por Enfermedad Cardíaca Hipertensiva,3.3306690738754695e-17
South Sudan,Muertes por Ictus Isquémico,1.7763568394002506e-16
South Sudan,Muertes por Ictus Hemorrágico,4.773959005888173e-16
South Sudan,Muertes por Enfermedad Cardíaca Isquémica,2.886579864025407e-16
Sudan,Muertes por Enfermedad Cardíaca Reumática,9.103828801926283e-16
Sudan,"Muertes por Cardiomiopatía, Miocarditis y Endocarditis",4.3853809472693685e-16
Sudan,Muertes por Enfermedades Circulatorias,1.5765166949677222e-15
Sudan,Muertes por Enfermedad Cardíaca Hipertensiva,-1.1102230246251566e-17
Sudan,Muertes por Ictus Isquémico,5.551115123125783e-17
Sudan,Muertes por Ictus Hemorrágico,5.1822261759593145e-15
Sudan,Muertes por Enfermedad Cardíaca Isquémica,-1.2434497875801752e-15
Tanzania,Muertes por Enfermedad Cardíaca Reumática,-6.439293542825908e-16
Tanzania,"Muertes por Cardiomiopatía, Miocarditis y Endocarditis",-3.3306690738754695e-17
Tanzania,Muertes por Enfermedades Circulatorias,-3.397282455352979e-15
Tanzania,Muertes por Enfermedad Cardíaca Hipertensiva,1.84297022087776e-15
Tanzania,Muertes por Ictus Isquémico,3.885780586188048e-16
Tanzania,Muertes por Ictus Hemorrágico,1.8207657603852566e-15
Tanzania,Muertes por Enfermedad Cardíaca Isquémica,1.5321077739827161e-15
Togo,Muertes por Enfermedad Cardíaca Reumática,3.963496197911809e-15
Togo,"Muertes por Cardiomiopatía, Miocarditis y Endocarditis",1.099120794378905e-15
Togo,Muertes por Enfermedades Circulatorias,1.587618925213974e-15
Togo,Muertes por Enfermedad Cardíaca Hipertensiva,-4.662936703425658e-16
Togo,Muertes por Ictus Isquémico,-2.220446049250313e-16
Togo,Muertes por Ictus Hemorrágico,-3.108624468950438e-16
Togo,Muertes por Enfermedad Cardíaca Isquémica,3.3306690738754696e-16
Tunisia,Muertes por Enfermedad Cardíaca Reumática,5.42343947529389e-15
Tunisia,"Muertes por Cardiomiopatía, Miocarditis y Endocarditis",2.2204460492503132e-17
Tunisia,Muertes por Enfermedades Circulatorias,7.771561172376096e-16
Tunisia,Muertes por Enfermedad Cardíaca Hipertensiva,-2.7755575615628914e-16
Tunisia,Muertes por Ictus Isquémico,-6.328271240363392e-16
Tunisia,Muertes por Ictus Hemorrágico,4.3853809472693685e-16
Tunisia,Muertes por Enfermedad Cardíaca Isquémica,-2.4424906541753446e-16
Uganda,Muertes por Enfermedad Cardíaca Reumática,-1.6653345369377347e-17
Uganda,"Muertes por Cardiomiopatía, Miocarditis y Endocarditis",-2.0872192862952944e-15
Uganda,Muertes por Enfermedades Circulatorias,-2.3536728122053318e-15
Uganda,Muertes por Enfermedad Cardíaca Hipertensiva,-8.659739592076221e-16
Uganda,Muertes por Ictus Isquémico,8.437694987151189e-16
Uganda,Muertes por Ictus Hemorrágico,-1.497933721505973e-15
Uganda,Muertes por Enfermedad Cardíaca Isquémica,-1.7985612998927535e-15
Zambia,Muertes por Enfermedad Cardíaca Reumática,4.773959005888173e-16
Zambia,"Muertes por Cardiomiopatía, Miocarditis y Endocarditis",8.659739592076221e-16
Zambia,Muertes por Enfermedades Circulatorias,-7.660538869913581e-16
Zambia,Muertes por Enfermedad Cardíaca Hipertensiva,-8.326672684688674e-16
Zambia,Muertes por Ictus Isquémico,-1.7763568394002506e-16
Zambia,Muertes por Ictus Hemorrágico,1.1879386363489174e-15
Zambia,Muertes por Enfermedad Cardíaca Isquémica,4.887062976521861e-15
Zimbabwe,Muertes por Enfermedad Cardíaca Reumática,4.9960036108132046e-17
Zimbabwe,"Muertes por Cardiomiopatía, Miocarditis y Endocarditis",-5.551115123125783e-17
Zimbabwe,Muertes por Enfermedades Circulatorias,-1.554312234475219e-16
Zimbabwe,Muertes por Enfermedad Cardíaca Hipertensiva,-1.5265566588595902e-15
Zimbabwe,Muertes por Ictus Isquémico,-2.7200464103316337e-16
Zimbabwe,Muertes por Ictus Hemorrágico,-5.773159728050814e-16
Zimbabwe,Muertes por Enfermedad Cardíaca Isquémica,-8.271161533457416e-16
North America,Muertes por Enfermedad Cardíaca Reumática,-1.7763568394002506e-16
North America,"Muertes por Cardiomiopatía, Miocarditis y Endocarditis",2.19824158875781e-15
North America,Muertes por Enfermedades Circulatorias,-2.1094237467877973e-16
North America,Muertes por Enfermedad Cardíaca Hipertensiva,-5.995204332975846e-16
North America,Muertes por Ictus Isquémico,2.275957200481571e-15
North America,Muertes por Ictus Hemorrágico,4.440892098500626e-16
North America,Muertes por Enfermedad Cardíaca Isquémica,3.630429290524262e-15
Antigua and Barbuda,Muertes por Enfermedad Cardíaca Reumática,-5.551115123125783e-18
Antigua and Barbuda,"Muertes por Cardiomiopatía, Miocarditis y Endocarditis",-2.6645352591003756e-16
Antigua and Barbuda,Muertes por Enfermedades Circulatorias,3.774758283725532e-16
Antigua and Barbuda,Muertes por Enfermedad Cardíaca Hipertensiva,-7.16093850883226e-16
Antigua and Barbuda,Muertes por Ictus Isquémico,8.770761894538737e-16
Antigua and Barbuda,Muertes por Ictus Hemorrágico,-1.9984014443252818e-16
Antigua and Barbuda,Muertes por Enfermedad Cardíaca Isquémica,-1.6209256159527285e-15
Bahamas,Muertes por Enfermedad Cardíaca Reumática,-5.662137425588298e-16
Bahamas,"Muertes por Cardiomiopatía, Miocarditis y Endocarditis",3.4416913763379854e-16
Bahamas,Muertes por Enfermedades Circulatorias,-3.885780586188048e-16
Bahamas,Muertes por Enfermedad Cardíaca Hipertensiva,-8.881784197001253e-17
Bahamas,Muertes por Ictus Isquémico,-1.0436096431476472e-15
Bahamas,Muertes por Ictus Hemorrágico,-7.549516567451064e-16
Bahamas,Muertes por Enfermedad Cardíaca Isquémica,-5.551115123125783e-16
Barbados,Muertes por Enfermedad Cardíaca Reumática,8.881784197001253e-17
Barbados,"Muertes por Cardiomiopatía, Miocarditis y Endocarditis",2.4424906541753446e-16
Barbados,Muertes por Enfermedades Circulatorias,4.440892098500626e-16
Barbados,Muertes por Enfermedad Cardíaca Hipertensiva,-3.3861802251067273e-16
Barbados,Muertes por Ictus Isquémico,-1.1102230246251565e-15
Barbados,Muertes por Ictus Hemorrágico,2.2204460492503132e-17
Barbados,Muertes por Enfermedad Cardíaca Isquémica,-2.203792703880936e-15
Belize,Muertes por Enfermedad Cardíaca Reumática,3.108624468950438e-16
Belize,"Muertes por Cardiomiopatía, Miocarditis y Endocarditis",1.7763568394002506e-16
Belize,Muertes por Enfermedades Circulatorias,3.108624468950438e-16
Belize,Muertes por Enfermedad Cardíaca Hipertensiva,-8.881784197001253e-17
Belize,Muertes por Ictus Isquémico,-1.3322676295501878e-16
Belize,Muertes por Ictus Hemorrágico,-6.661338147750939e-17
Belize,Muertes por Enfermedad Cardíaca Isquémica,1.2878587085651815e-15
Canada,Muertes por Enfermedad Cardíaca Reumática,1.7763568394002506e-16
Canada,"Muertes por Cardiomiopatía, Miocarditis y Endocarditis",-6.661338147750939e-16
Canada,Muertes por Enfermedades Circulatorias,6.883382752675971e-16
Canada,Muertes por Enfermedad Cardíaca Hipertensiva,-1.1102230246251566e-17
Canada,Muertes por Ictus Isquémico,7.549516567451064e-16
Canada,Muertes por Ictus Hemorrágico,4.213296378452469e-15
Canada,Muertes por Enfermedad Cardíaca Isquémica,8.881784197001252e-16
Costa Rica,Muertes por Enfermedad Cardíaca Reumática,2.2204460492503132e-17
Costa Rica,"Muertes por Cardiomiopatía, Miocarditis y Endocarditis",-1.2045919817182948e-15
Costa Rica,Muertes por Enfermedades Circulatorias,-4.440892098500626e-16
Costa Rica,Muertes por Enfermedad Cardíaca Hipertensiva,-3.9968028886505636e-16
Costa Rica,Muertes por Ictus Isquémico,1.3322676295501878e-16
Costa Rica,Muertes por Ictus Hemorrágico,7.105427357601002e-16
Costa Rica,Muertes por Enfermedad Cardíaca Isquémica,-1.3572476476042538e-15
Cuba,Muertes por Enfermedad Cardíaca Reumática,-6.217248937900876e-16
Cuba,"Muertes por Cardiomiopatía, Miocarditis y Endocarditis",2.997602166487923e-16
Cuba,Muertes por Enfermedades Circulatorias,-6.550315845288424e-16
Cuba,Muertes por Enfermedad Cardíaca Hipertensiva,-3.3306690738754696e-16
Cuba,Muertes por Ictus Isquémico,-2.7755575615628914e-16
Cuba,Muertes por Ictus Hemorrágico,4.1078251911130794e-16
Cuba,Muertes por Enfermedad Cardíaca Isquémica,-3.3306690738754696e-16
Dominican Republic,Muertes por Enfermedad Cardíaca Reumática,-6.106226635438361e-17
Dominican Republic,"Muertes por Cardiomiopatía, Miocarditis y Endocarditis",1.3322676295501878e-16
Dominican Republic,Muertes por Enfermedades Circulatorias,-2.220446049250313e-16
Dominican Republic,Muertes por Enfermedad Cardíaca Hipertensiva,0.0
Dominican Republic,Muertes por Ictus Isquémico,-1.2212453270876723e-16
Dominican Republic,Muertes por Ictus Hemorrágico,8.881784197001253e-17
Dominican Republic,Muertes por Enfermedad Cardíaca Isquémica,-2.886579864025407e-16
El Salvador,Muertes por Enfermedad Cardíaca Reumática,2.55351295663786e-16
El Salvador,"Muertes por Cardiomiopatía, Miocarditis y Endocarditis",1.8318679906315082e-16
El Salvador,Muertes por Enfermedades Circulatorias,-8.881784197001253e-17
El Salvador,Muertes por Enfermedad Cardíaca Hipertensiva,1.1102230246251566e-17
El Salvador,Muertes por Ictus Isquémico,-3.108624468950438e-16
El Salvador,Muertes por Ictus Hemorrágico,-7.771561172376095e-17
El Salvador,Muertes por Enfermedad Cardíaca Isquémica,-3.3306690738754695e-17
Grenada,Muertes por Enfermedad Cardíaca Reumática,8.604228440844963e-17
Grenada,"Muertes por Cardiomiopatía, Miocarditis y Endocarditis",4.3298697960381104e-16
Grenada,Muertes por Enfermedades Circulatorias,-1.7603973834212638e-15
Grenada,Muertes por Enfermedad Cardíaca Hipertensiva,-2.3869795029440865e-16
Grenada,Muertes por Ictus Isquémico,1.7832957333041576e-16
Grenada,Muertes por Ictus Hemorrágico,-5.551115123125783e-17
Grenada,Muertes por Enfermedad Cardíaca Isquémica,-7.993605777301127e-16
Guatemala,Muertes por Enfermedad Cardíaca Reumática,-1.63202784619898e-15
Guatemala,"Muertes por Cardiomiopatía, Miocarditis y Endocarditis",-7.993605777301127e-16
Guatemala,Muertes por Enfermedades Circulatorias,3.108624468950438e-16
Guatemala,Muertes por Enfermedad Cardíaca Hipertensiva,4.1078251911130794e-16
Guatemala,Muertes por Ictus Isquémico,-3.3306690738754695e-17
Guatemala,Muertes por Ictus Hemorrágico,-1.5210055437364644e-15
Guatemala,Muertes por Enfermedad Cardíaca Isquémica,-1.1102230246251565e-16
Haiti,Muertes por Enfermedad Cardíaca Reumática,-3.552713678800501e-16
Haiti,"Muertes por Cardiomiopatía, Miocarditis y Endocarditis",-1.5099033134902129e-15
Haiti,Muertes por Enfermedades Circulatorias,-1.1102230246251565e-16
Haiti,Muertes por Enfermedad Cardíaca Hipertensiva,1.1990408665951691e-15
Haiti,Muertes por Ictus Isquémico,-9.103828801926283e-16
Haiti,Muertes por Ictus Hemorrágico,-9.2148511043888e-16
Haiti,Muertes por Enfermedad Cardíaca Isquémica,9.2148511043888e-16
Honduras,Muertes por Enfermedad Cardíaca Reumática,0.0
Honduras,"Muertes por Cardiomiopatía, Miocarditis y Endocarditis",-2.331468351712829e-16
Honduras,Muertes por Enfermedades Circulatorias,-5.551115123125783e-16
Honduras,Muertes por Enfermedad Cardíaca Hipertensiva,-4.662936703425658e-16
Honduras,Muertes por Ictus Isquémico,-1.7763568394002506e-16
Honduras,Muertes por Ictus Hemorrágico,9.992007221626409e-17
Honduras,Muertes por Enfermedad Cardíaca Isquémica,-2.55351295663786e-16
Jamaica,Muertes por Enfermedad Cardíaca Reumática,-1.4988010832439614e-16
Jamaica,"Muertes por Cardiomiopatía, Miocarditis y Endocarditis",1.3988810110276972e-15
Jamaica,Muertes por Enfermedades Circulatorias,1.0658141036401502e-15
Jamaica,Muertes por Enfermedad Cardíaca Hipertensiva,9.49240686054509e-16
Jamaica,Muertes por Ictus Isquémico,-6.661338147750939e-17
Jamaica,Muertes por Ictus Hemorrágico,2.886579864025407e-16
Jamaica,Muertes por Enfermedad Cardíaca Isquémica,-7.438494264988549e-16
Mexico,Muertes por Enfermedad Cardíaca Reumática,2.498001805406602e-16
Mexico,"Muertes por Cardiomiopatía, Miocarditis y Endocarditis",-4.551914400963141e-16
Mexico,Muertes por Enfermedades Circulatorias,-6.883382752675971e-16
Mexico,Muertes por Enfermedad Cardíaca Hipertensiva,-3.219646771412954e-16
Mexico,Muertes por Ictus Isquémico,2.997602166487923e-16
Mexico,Muertes por Ictus Hemorrágico,0.0
Mexico,Muertes por Enfermedad Cardíaca Isquémica,-1.554312234475219e-16
Nicaragua,Muertes por Enfermedad Cardíaca Reumática,-4.551914400963141e-16
Nicaragua,"Muertes por Cardiomiopatía, Miocarditis y Endocarditis",4.3298697960381104e-16
Nicaragua,Muertes por Enfermedades Circulatorias,3.774758283725532e-16
Nicaragua,Muertes por Enfermedad Cardíaca Hipertensiva,4.996003610813204e-16
Nicaragua,Muertes por Ictus Isquémico,-9.2148511043888e-16
Nicaragua,Muertes por Ictus Hemorrágico,-1.482147737874584e-15
Nicaragua,Muertes por Enfermedad Cardíaca Isquémica,2.2204460492503132e-17
Panama,Muertes por Enfermedad Cardíaca Reumática,-1.8110513089197867e-16
Panama,"Muertes por Cardiomiopatía, Miocarditis y Endocarditis",-1.7763568394002506e-16
Panama,Muertes por Enfermedades Circulatorias,3.885780586188048e-16
Panama,Muertes por Enfermedad Cardíaca Hipertensiva,2.55351295663786e-16
Panama,Muertes por Ictus Isquémico,4.440892098500626e-16
Panama,Muertes por Ictus Hemorrágico,-1.2434497875801752e-15
Panama,Muertes por Enfermedad Cardíaca Isquémica,1.1990408665951691e-15
Saint Lucia,Muertes por Enfermedad Cardíaca Reumática,4.9960036108132044e-15
Saint Lucia,"Muertes por Cardiomiopatía, Miocarditis y Endocarditis",3.9968028886505636e-16
Saint Lucia,Muertes por Enfermedades Circulatorias,6.883382752675971e-16
Saint Lucia,Muertes por Enfermedad Cardíaca Hipertensiva,1.1102230246251566e-17
Saint Lucia,Muertes por Ictus Isquémico,-9.992007221626409e-16
Saint Lucia,Muertes por Ictus Hemorrágico,-7.327471962526033e-16
Saint Lucia,Muertes por Enfermedad Cardíaca Isquémica,-1.887379141862766e-15
Saint Vincent and the Grenadines,Muertes por Enfermedad Cardíaca Reumática,2.1094237467877973e-16
Saint Vincent and the Grenadines,"Muertes por Cardiomiopatía, Miocarditis y Endocarditis",5.551115123125783e-17
Saint Vincent and the Grenadines,Muertes por Enfermedades Circulatorias,5.218048215738236e-16
Saint Vincent and the Grenadines,Muertes por Enfermedad Cardíaca Hipertensiva,-3.275157922644212e-16
Saint Vincent and the Grenadines,Muertes por Ictus Isquémico,-6.938893903907228e-16
Saint Vincent and the Grenadines,Muertes por Ictus Hemorrágico,9.547918011776346e-16
Saint Vincent and the Grenadines,Muertes por Enfermedad Cardíaca Isquémica,3.8996583739958625e-16
Trinidad and Tobago,Muertes por Enfermedad Cardíaca Reumática,-3.219646771412954e-16
Trinidad and Tobago,"Muertes por Cardiomiopatía, Miocarditis y Endocarditis",1.3655743202889426e-15
Trinidad and Tobago,Muertes por Enfermedades Circulatorias,2.1371793224034264e-16
Trinidad and Tobago,Muertes por Enfermedad Cardíaca Hipertensiva,-1.1768364061026659e-15
Trinidad and Tobago,Muertes por Ictus Isquémico,2.7922109069322685e-15
Trinidad and Tobago,Muertes por Ictus Hemorrágico,-3.3306690738754696e-16
Trinidad and Tobago,Muertes por Enfermedad Cardíaca Isquémica,8.881784197001253e-17
United States,Muertes por Enfermedad Cardíaca Reumática,1.4432899320127035e-15
United States,"Muertes por Cardiomiopatía, Miocarditis y Endocarditis",2.9254376698872876e-15
United States,Muertes por Enfermedades Circulatorias,-3.552713678800501e-16
United States,Muertes por Enfermedad Cardíaca Hipertensiva,-4.884981308350689e-16
United States,Muertes por Ictus Isquémico,-4.191091917959966e-16
United States,Muertes por Ictus Hemorrágico,7.549516567451064e-16
United States,Muertes por Enfermedad Cardíaca Isquémica,-1.5334955527634976e-16
South America,Muertes por Enfermedad Cardíaca Reumática,-1.787459069646502e-15
South America,"Muertes por Cardiomiopatía, Miocarditis y Endocarditis",-4.773959005888173e-16
South America,Muertes por Enfermedades Circulatorias,3.774758283725532e-16
South America,Muertes por Enfermedad Cardíaca Hipertensiva,1.2212453270876723e-16
South America,Muertes por Ictus Isquémico,1.1102230246251565e-15
South America,Muertes por Ictus Hemorrágico,1.0880185641326535e-15
South America,Muertes por Enfermedad Cardíaca Isquémica,6.106226635438361e-16
Argentina,Muertes por Enfermedad Cardíaca Reumática,5.329070518200751e-16
Argentina,"Muertes por Cardiomiopatía, Miocarditis y Endocarditis",5.662137425588298e-16
Argentina,Muertes por Enfermedades Circulatorias,-2.7755575615628914e-16
Argentina,Muertes por Enfermedad Cardíaca Hipertensiva,1.2212453270876723e-16
Argentina,Muertes por Ictus Isquémico,2.761679773755077e-15
Argentina,Muertes por Ictus Hemorrágico,8.049116928532385e-16
Argentina,Muertes por Enfermedad Cardíaca Isquémica,4.440892098500626e-16
Bolivia,Muertes por Enfermedad Cardíaca Reumática,-1.3988810110276972e-15
Bolivia,"Muertes por Cardiomiopatía, Miocarditis y Endocarditis",-5.884182030513329e-16
Bolivia,Muertes por Enfermedades Circulatorias,-3.885780586188048e-16
Bolivia,Muertes por Enfermedad Cardíaca Hipertensiva,-1.1102230246251566e-17
Bolivia,Muertes por Ictus Isquémico,5.551115123125783e-16
Bolivia,Muertes por Ictus Hemorrágico,6.661338147750939e-17
Bolivia,Muertes por Enfermedad Cardíaca Isquémica,-1.3322676295501878e-16
Brazil,Muertes por Enfermedad Cardíaca Reumática,4.263256414560601e-15
Brazil,"Muertes por Cardiomiopatía, Miocarditis y Endocarditis",1.9345636204093354e-15
Brazil,Muertes por Enfermedades Circulatorias,-5.440092820663267e-16
Brazil,Muertes por Enfermedad Cardíaca Hipertensiva,5.218048215738236e-16
Brazil,Muertes por Ictus Isquémico,6.994405055138486e-16
Brazil,Muertes por Ictus Hemorrágico,1.2712053631958042e-15
Brazil,Muertes por Enfermedad Cardíaca Isquémica,5.773159728050814e-16
Chile,Muertes por Enfermedad Cardíaca Reumática,-8.881784197001253e-17
Chile,"Muertes por Cardiomiopatía, Miocarditis y Endocarditis",-2.7811086766860172e-15
Chile,Muertes por Enfermedades Circulatorias,-2.997602166487923e-16
Chile,Muertes por Enfermedad Cardíaca Hipertensiva,-4.440892098500626e-16
Chile,Muertes por Ictus Isquémico,-6.661338147750939e-17
Chile,Muertes por Ictus Hemorrágico,-1.0380585280245213e-15
Chile,Muertes por Enfermedad Cardíaca Isquémica,1.454392162258955e-15
Colombia,Muertes por Enfermedad Cardíaca Reumática,-4.551914400963141e-16
Colombia,"Muertes por Cardiomiopatía, Miocarditis y Endocarditis",3.141931159689193e-15
Colombia,Muertes por Enfermedades Circulatorias,-2.7755575615628914e-16
Colombia,Muertes por Enfermedad Cardíaca Hipertensiva,-9.547918011776346e-16
Colombia,Muertes por Ictus Isquémico,-2.6645352591003756e-16
Colombia,Muertes por Ictus Hemorrágico,4.529709940470638e-15
Colombia,Muertes por Enfermedad Cardíaca Isquémica,9.992007221626409e-17
Ecuador,Muertes por Enfermedad Cardíaca Reumática,-1.099120794378905e-15
Ecuador,"Muertes por Cardiomiopatía, Miocarditis y Endocarditis",-1.6486811915683574e-15
Ecuador,Muertes por Enfermedades Circulatorias,-7.549516567451064e-16
Ecuador,Muertes por Enfermedad Cardíaca Hipertensiva,-5.828670879282072e-16
Ecuador,Muertes por Ictus Isquémico,1.254552017826427e-15
Ecuador,Muertes por Ictus Hemorrágico,-1.0103029524088924e-15
Ecuador,Muertes por Enfermedad Cardíaca Isquémica,-3.4416913763379854e-16
Guyana,Muertes por Enfermedad Cardíaca Reumática,2.1094237467877973e-16
Guyana,"Muertes por Cardiomiopatía, Miocarditis y Endocarditis",3.4416913763379854e-16
Guyana,Muertes por Enfermedades Circulatorias,-3.4416913763379854e-16
Guyana,Muertes por Enfermedad Cardíaca Hipertensiva,-2.1094237467877973e-16
Guyana,Muertes por Ictus Isquémico,-8.215650382226159e-16
Guyana,Muertes por Ictus Hemorrágico,1.7319479184152442e-15
Guyana,Muertes por Enfermedad Cardíaca Isquémica,-5.329070518200751e-16
Paraguay,Muertes por Enfermedad Cardíaca Reumática,9.992007221626409e-17
Paraguay,"Muertes por Cardiomiopatía, Miocarditis y Endocarditis",2.2204460492503132e-17
Paraguay,Muertes por Enfermedades Circulatorias,-1.1102230246251566e-17
Paraguay,Muertes por Enfermedad Cardíaca Hipertensiva,2.6645352591003756e-16
Paraguay,Muertes por Ictus Isquémico,-4.4408920985006264e-17
Paraguay,Muertes por Ictus Hemorrágico,-4.246603069191224e-16
Paraguay,Muertes por Enfermedad Cardíaca Isquémica,6.994405055138486e-16
Peru,Muertes por Enfermedad Cardíaca Reumática,3.232136780439987e-15
Peru,"Muertes por Cardiomiopatía, Miocarditis y Endocarditis",-2.6645352591003756e-16
Peru,Muertes por Enfermedades Circulatorias,-1.4432899320127036e-16
Peru,Muertes por Enfermedad Cardíaca Hipertensiva,1.887379141862766e-16
Peru,Muertes por Ictus Isquémico,-1.1102230246251566e-17
Peru,Muertes por Ictus Hemorrágico,1.8318679906315083e-15
Peru,Muertes por Enfermedad Cardíaca Isquémica,3.4416913763379854e-16
Suriname,Muertes por Enfermedad Cardíaca Reumática,2.509104035652854e-15
Suriname,"Muertes por Cardiomiopatía, Miocarditis y Endocarditis",1.1102230246251565e-16
Suriname,Muertes por Enfermedades Circulatorias,-4.2188474935755947e-16
Suriname,Muertes por Enfermedad Cardíaca Hipertensiva,-2.220446049250313e-16
Suriname,Muertes por Ictus Isquémico,6.883382752675971e-16
Suriname,Muertes por Ictus Hemorrágico,-1.1990408665951691e-15
Suriname,Muertes por Enfermedad Cardíaca Isquémica,5.773159728050814e-16
Uruguay,Muertes por Enfermedad Cardíaca Reumática,-4.829470157119431e-16
Uruguay,"Muertes por Cardiomiopatía, Miocarditis y Endocarditis",1.9984014443252818e-16
Uruguay,Muertes por Enfermedades Circulatorias,-1.2934098236883074e-15
Uruguay,Muertes por Enfermedad Cardíaca Hipertensiva,-4.773959005888173e-16
Uruguay,Muertes por Ictus Isquémico,4.940492459581947e-16
Uruguay,Muertes por Ictus Hemorrágico,-5.10702591327572e-16
Uruguay,Muertes por Enfermedad Cardíaca Isquémica,-1.8762769116165144e-15
Venezuela,Muertes por Enfermedad Cardíaca Reumática,3.608224830031759e-16
Venezuela,"Muertes por Cardiomiopatía, Miocarditis y Endocarditis",-1.554312234475219e-16
Venezuela,Muertes por Enfermedades Circulatorias,-4.996003610813204e-16
Venezuela,Muertes por Enfermedad Cardíaca Hipertensiva,3.885780586188048e-16
Venezuela,Muertes por Ictus Isquémico,-9.992007221626409e-17
Venezuela,Muertes por Ictus Hemorrágico,-4.0523140398818213e-16
Venezuela,Muertes por Enfermedad Cardíaca Isquémica,-8.659739592076221e-16
Asia,Muertes por Enfermedad Cardíaca Reumática,-3.4416913763379854e-16
Asia,"Muertes por Cardiomiopatía, Miocarditis y Endocarditis",1.7985612998927535e-15
Asia,Muertes por Enfermedades Circulatorias,1.3988810110276972e-15
Asia,Muertes por Enfermedad Cardíaca Hipertensiva,1.27675647831893e-15
Asia,Muertes por Ictus Isquémico,-8.104628079763643e-16
Asia,Muertes por Ictus Hemorrágico,9.869882688917642e-15
Asia,Muertes por Enfermedad Cardíaca Isquémica,6.994405055138486e-16
Afghanistan,Muertes por Enfermedad Cardíaca Reumática,-8.826273045769995e-16
Afghanistan,"Muertes por Cardiomiopatía, Miocarditis y Endocarditis",-1.1768364061026659e-15
Afghanistan,Muertes por Enfermedades Circulatorias,6.994405055138486e-16
Afghanistan,Muertes por Enfermedad Cardíaca Hipertensiva,-8.881784197001252e-16
Afghanistan,Muertes por Ictus Isquémico,3.774758283725532e-16
Afghanistan,Muertes por Ictus Hemorrágico,-4.551914400963142e-15
Afghanistan,Muertes por Enfermedad Cardíaca Isquémica,-1.3988810110276972e-15
Armenia,Muertes por Enfermedad Cardíaca Reumática,3.108624468950438e-16
Armenia,"Muertes por Cardiomiopatía, Miocarditis y Endocarditis",-3.3306690738754695e-17
Armenia,Muertes por Enfermedades Circulatorias,-1.1657341758564144e-16
Armenia,Muertes por Enfermedad Cardíaca Hipertensiva,1.2073675392798576e-16
Armenia,Muertes por Ictus Isquémico,1.7541523789077474e-15
Armenia,Muertes por Ictus Hemorrágico,1.1102230246251565e-15
Armenia,Muertes por Enfermedad Cardíaca Isquémica,-9.051787097646979e-16
Azerbaijan,Muertes por Enfermedad Cardíaca Reumática,-1.887379141862766e-16
Azerbaijan,"Muertes por Cardiomiopatía, Miocarditis y Endocarditis",-7.771561172376096e-16
Azerbaijan,Muertes por Enfermedades Circulatorias,4.2188474935755947e-16
Azerbaijan,Muertes por Enfermedad Cardíaca Hipertensiva,-3.3861802251067273e-16
Azerbaijan,Muertes por Ictus Isquémico,-4.3298697960381104e-16
Azerbaijan,Muertes por Ictus Hemorrágico,-8.93729534823251e-16
Azerbaijan,Muertes por Enfermedad Cardíaca Isquémica,-4.3298697960381104e-16
Bahrain,Muertes por Enfermedad Cardíaca Reumática,-5.773159728050814e-16
Bahrain,"Muertes por Cardiomiopatía, Miocarditis y Endocarditis",-4.2188474935755947e-16
Bahrain,Muertes por Enfermedades Circulatorias,-3.3306690738754696e-16
Bahrain,Muertes por Enfermedad Cardíaca Hipertensiva,3.3306690738754696e-16
Bahrain,Muertes por Ictus Isquémico,-9.769962616701378e-16
Bahrain,Muertes por Ictus Hemorrágico,-8.881784197001252e-16
Bahrain,Muertes por Enfermedad Cardíaca Isquémica,-1.1102230246251565e-16
Bangladesh,Muertes por Enfermedad Cardíaca Reumática,-3.9968028886505636e-16
Bangladesh,"Muertes por Cardiomiopatía, Miocarditis y Endocarditis",9.547918011776346e-16
Bangladesh,Muertes por Enfermedades Circulatorias,-8.437694987151189e-16
Bangladesh,Muertes por Enfermedad Cardíaca Hipertensiva,1.3322676295501878e-16
Bangladesh,Muertes por Ictus Isquémico,-4.3298697960381104e-16
Bangladesh,Muertes por Ictus Hemorrágico,2.986499936241671e-15
Bangladesh,Muertes por Enfermedad Cardíaca Isquémica,-2.886579864025407e-16
Bhutan,Muertes por Enfermedad Cardíaca Reumática,5.8397731095283236e-15
Bhutan,"Muertes por Cardiomiopatía, Miocarditis y Endocarditis",5.773159728050814e-16
Bhutan,Muertes por Enfermedades Circulatorias,-5.773159728050814e-16
Bhutan,Muertes por Enfermedad Cardíaca Hipertensiva,-4.3298697960381104e-16
Bhutan,Muertes por Ictus Isquémico,2.331468351712829e-16
Bhutan,Muertes por Ictus Hemorrágico,1.7763568394002505e-15
Bhutan,Muertes por Enfermedad Cardíaca Isquémica,1.554312234475219e-16
Brunei,Muertes por Enfermedad Cardíaca Reumática,1.4432899320127036e-16
Brunei,"Muertes por Cardiomiopatía, Miocarditis y Endocarditis",-6.883382752675971e-16
Brunei,Muertes por Enfermedades Circulatorias,-1.1102230246251565e-16
Brunei,Muertes por Enfermedad Cardíaca Hipertensiva,1.1657341758564144e-16
Brunei,Muertes por Ictus Isquémico,-3.3306690738754696e-16
Brunei,Muertes por Ictus Hemorrágico,8.881784197001253e-17
Brunei,Muertes por Enfermedad Cardíaca Isquémica,-2.220446049250313e-16
Cambodia,Muertes por Enfermedad Cardíaca Reumática,-1.8096635301390052e-15
Cambodia,"Muertes por Cardiomiopatía, Miocarditis y Endocarditis",-1.0547118733938987e-15
Cambodia,Muertes por Enfermedades Circulatorias,1.6653345369377348e-16
Cambodia,Muertes por Enfermedad Cardíaca Hipertensiva,1.1768364061026659e-15
Cambodia,Muertes por Ictus Isquémico,1.1102230246251565e-16
Cambodia,Muertes por Ictus Hemorrágico,9.547918011776346e-16
Cambodia,Muertes por Enfermedad Cardíaca Isquémica,-6.661338147750939e-17
China,Muertes por Enfermedad Cardíaca Reumática,-8.326672684688674e-16
China,"Muertes por Cardiomiopatía, Miocarditis y Endocarditis",-1.2101430968414207e-15
China,Muertes por Enfermedades Circulatorias,7.438494264988549e-16
China,Muertes por Enfermedad Cardíaca Hipertensiva,6.661338147750939e-17
China,Muertes por Ictus Isquémico,6.661338147750939e-17
China,Muertes por Ictus Hemorrágico,-6.716849298982197e-16
China,Muertes por Enfermedad Cardíaca Isquémica,8.881784197001253e-17
Cyprus,Muertes por Enfermedad Cardíaca Reumática,-2.2204460492503132e-17
Cyprus,"Muertes por Cardiomiopatía, Miocarditis y Endocarditis",4.4131365228849973e-16
Cyprus,Muertes por Enfermedades Circulatorias,-8.715250743307478e-16
Cyprus,Muertes por Enfermedad Cardíaca Hipertensiva,-3.8857805861880476e-17
Cyprus,Muertes por Ictus Isquémico,-1.1102230246251565e-16
Cyprus,Muertes por Ictus Hemorrágico,-5.329070518200751e-16
Cyprus,Muertes por Enfermedad Cardíaca Isquémica,-1.6653345369377348e-16
East Timor,Muertes por Enfermedad Cardíaca Reumática,-1.0325074129013957e-15
East Timor,"Muertes por Cardiomiopatía, Miocarditis y Endocarditis",-5.995204332975846e-16
East Timor,Muertes por Enfermedades Circulatorias,1.887379141862766e-16
East Timor,Muertes por Enfermedad Cardíaca Hipertensiva,-1.7763568394002506e-16
East Timor,Muertes por Ictus Isquémico,-4.4408920985006264e-17
East Timor,Muertes por Ictus Hemorrágico,-1.2212453270876723e-16
East Timor,Muertes por Enfermedad Cardíaca Isquémica,3.885780586188048e-16
Georgia,Muertes por Enfermedad Cardíaca Reumática,1.1102230246251565e-16
Georgia,"Muertes por Cardiomiopatía, Miocarditis y Endocarditis",-7.605027718682322e-16
Georgia,Muertes por Enfermedades Circulatorias,6.106226635438361e-17
Georgia,Muertes por Enfermedad Cardíaca Hipertensiva,1.3322676295501878e-16
Georgia,Muertes por Ictus Isquémico,-5.884182030513329e-16
Georgia,Muertes por Ictus Hemorrágico,-8.104628079763643e-16
Georgia,Muertes por Enfermedad Cardíaca Isquémica,8.104628079763643e-16
India,Muertes por Enfermedad Cardíaca Reumática,-2.536859611268483e-15
India,"Muertes por Cardiomiopatía, Miocarditis y Endocarditis",2.4424906541753446e-16
India,Muertes por Enfermedades Circulatorias,4.551914400963141e-16
India,Muertes por Enfermedad Cardíaca Hipertensiva,-6.550315845288424e-16
India,Muertes por Ictus Isquémico,-2.220446049250313e-16
India,Muertes por Ictus Hemorrágico,1.6431300764452318e-15
India,Muertes por Enfermedad Cardíaca Isquémica,8.104628079763643e-16
Indonesia,Muertes por Enfermedad Cardíaca Reumática,-2.55351295663786e-16
Indonesia,"Muertes por Cardiomiopatía, Miocarditis y Endocarditis",5.218048215738236e-16
Indonesia,Muertes por Enfermedades Circulatorias,0.0
Indonesia,Muertes por Enfermedad Cardíaca Hipertensiva,9.43689570931383e-16
Indonesia,Muertes por Ictus Isquémico,-3.774758283725532e-16
Indonesia,Muertes por Ictus Hemorrágico,-6.661338147750939e-17
Indonesia,Muertes por Enfermedad Cardíaca Isquémica,4.551914400963141e-16
Iran,Muertes por Enfermedad Cardíaca Reumática,-9.603429163007604e-16
Iran,"Muertes por Cardiomiopatía, Miocarditis y Endocarditis",5.440092820663267e-16
Iran,Muertes por Enfermedades Circulatorias,-2.6645352591003756e-16
Iran,Muertes por Enfermedad Cardíaca Hipertensiva,4.4408920985006264e-17
Iran,Muertes por Ictus Isquémico,-1.6209256159527285e-15
Iran,Muertes por Ictus Hemorrágico,6.661338147750939e-17
Iran,Muertes por Enfermedad Cardíaca Isquémica,1.2212453270876722e-15
Iraq,Muertes por Enfermedad Cardíaca Reumática,1.1102230246251566e-17
Iraq,"Muertes por Cardiomiopatía, Miocarditis y Endocarditis",-1.1435297153639113e-15
Iraq,Muertes por Enfermedades Circulatorias,1.0436096431476472e-15
Iraq,Muertes por Enfermedad Cardíaca Hipertensiva,-1.6875389974302379e-15
Iraq,Muertes por Ictus Isquémico,1.554312234475219e-16
Iraq,Muertes por Ictus Hemorrágico,-2.3425705819590805e-15
Iraq,Muertes por Enfermedad Cardíaca Isquémica,2.4646951146678474e-15
Israel,Muertes por Enfermedad Cardíaca Reumática,-2.1649348980190552e-16
Israel,"Muertes por Cardiomiopatía, Miocarditis y Endocarditis",2.1649348980190553e-15
Israel,Muertes por Enfermedades Circulatorias,8.659739592076221e-16
Israel,Muertes por Enfermedad Cardíaca Hipertensiva,-2.6645352591003756e-16
Israel,Muertes por Ictus Isquémico,8.881784197001252e-16
Israel,Muertes por Ictus Hemorrágico,-2.2815083156046968e-15
Israel,Muertes por Enfermedad Cardíaca Isquémica,1.8318679906315082e-16
Japan,Muertes por Enfermedad Cardíaca Reumática,-7.013833958069426e-15
Japan,"Muertes por Cardiomiopatía, Miocarditis y Endocarditis",-1.7430501486614957e-15
Japan,Muertes por Enfermedades Circulatorias,-1.9984014443252818e-16
Japan,Muertes por Enfermedad Cardíaca Hipertensiva,6.661338147750939e-17
Japan,Muertes por Ictus Isquémico,-2.453592884421596e-15
Japan,Muertes por Ictus Hemorrágico,-2.3092638912203257e-15
Japan,Muertes por Enfermedad Cardíaca Isquémica,-1.887379141862766e-16
Jordan,Muertes por Enfermedad Cardíaca Reumática,1.3655743202889426e-15
Jordan,"Muertes por Cardiomiopatía, Miocarditis y Endocarditis",-3.774758283725532e-16
Jordan,Muertes por Enfermedades Circulatorias,7.105427357601002e-16
Jordan,Muertes por Enfermedad Cardíaca Hipertensiva,-9.992007221626409e-17
Jordan,Muertes por Ictus Isquémico,-9.103828801926283e-16
Jordan,Muertes por Ictus Hemorrágico,8.659739592076221e-16
Jordan,Muertes por Enfermedad Cardíaca Isquémica,-1.9984014443252818e-16
Kazakhstan,Muertes por Enfermedad Cardíaca Reumática,-3.3306690738754695e-17
Kazakhstan,"Muertes por Cardiomiopatía, Miocarditis y Endocarditis",0.0
Kazakhstan,Muertes por Enfermedades Circulatorias,-5.467848396278896e-16
Kazakhstan,Muertes por Enfermedad Cardíaca Hipertensiva,-6.883382752675971e-16
Kazakhstan,Muertes por Ictus Isquémico,-1.3003487175922146e-15
Kazakhstan,Muertes por Ictus Hemorrágico,6.716849298982197e-16
Kazakhstan,Muertes por Enfermedad Cardíaca Isquémica,-3.552713678800501e-16
Kuwait,Muertes por Enfermedad Cardíaca Reumática,2.1094237467877973e-16
Kuwait,"Muertes por Cardiomiopatía, Miocarditis y Endocarditis",1.3322676295501878e-16
Kuwait,Muertes por Enfermedades Circulatorias,2.4424906541753446e-16
Kuwait,Muertes por Enfermedad Cardíaca Hipertensiva,4.440892098500626e-16
Kuwait,Muertes por Ictus Isquémico,-5.773159728050814e-16
Kuwait,Muertes por Ictus Hemorrágico,4.662936703425658e-16
Kuwait,Muertes por Enfermedad Cardíaca Isquémica,-3.108624468950438e-16
Kyrgyzstan,Muertes por Enfermedad Cardíaca Reumática,3.3306690738754695e-17
Kyrgyzstan,"Muertes por Cardiomiopatía, Miocarditis y Endocarditis",-1.5237811012980273e-15
Kyrgyzstan,Muertes por Enfermedades Circulatorias,-2.0872192862952944e-15
Kyrgyzstan,Muertes por Enfermedad Cardíaca Hipertensiva,-4.1078251911130794e-16
Kyrgyzstan,Muertes por Ictus Isquémico,-2.4424906541753446e-16
Kyrgyzstan,Muertes por Ictus Hemorrágico,-1.7763568394002506e-16
Kyrgyzstan,Muertes por Enfermedad Cardíaca Isquémica,4.940492459581947e-16
Laos,Muertes por Enfermedad Cardíaca Reumática,-2.220446049250313e-15
Laos,"Muertes por Cardiomiopatía, Miocarditis y Endocarditis",-1.609823385706477e-15
Laos,Muertes por Enfermedades Circulatorias,1.0436096431476472e-15
Laos,Muertes por Enfermedad Cardíaca Hipertensiva,1.1768364061026659e-15
Laos,Muertes por Ictus Isquémico,-7.771561172376096e-16
Laos,Muertes por Ictus Hemorrágico,1.9984014443252818e-16
Laos,Muertes por Enfermedad Cardíaca Isquémica,3.108624468950438e-16
Lebanon,Muertes por Enfermedad Cardíaca Reumática,-2.253752739989068e-15
Lebanon,"Muertes por Cardiomiopatía, Miocarditis y Endocarditis",1.2212453270876723e-16
Lebanon,Muertes por Enfermedades Circulatorias,-1.7763568394002506e-16
Lebanon,Muertes por Enfermedad Cardíaca Hipertensiva,3.3306690738754696e-16
Lebanon,Muertes por Ictus Isquémico,-4.4408920985006264e-17
Lebanon,Muertes por Ictus Hemorrágico,2.8199664825478975e-15
Lebanon,Muertes por Enfermedad Cardíaca Isquémica,4.4408920985006264e-17
Malaysia,Muertes por Enfermedad Cardíaca Reumática,1.6542323066914833e-15
Malaysia,"Muertes por Cardiomiopatía, Miocarditis y Endocarditis",8.881784197001253e-17
Malaysia,Muertes por Enfermedades Circulatorias,0.0
Malaysia,Muertes por Enfermedad Cardíaca Hipertensiva,-2.6645352591003756e-16
Malaysia,Muertes por Ictus Isquémico,-7.549516567451064e-16
Malaysia,Muertes por Ictus Hemorrágico,9.547918011776346e-16
Malaysia,Muertes por Enfermedad Cardíaca Isquémica,-2.886579864025407e-16
Maldives,Muertes por Enfermedad Cardíaca Reumática,-1.942890293094024e-16
Maldives,"Muertes por Cardiomiopatía, Miocarditis y Endocarditis",3.552713678800501e-16
Maldives,Muertes por Enfermedades Circulatorias,4.551914400963141e-16
Maldives,Muertes por Enfermedad Cardíaca Hipertensiva,4.440892098500626e-16
Maldives,Muertes por Ictus Isquémico,2.331468351712829e-16
Maldives,Muertes por Ictus Hemorrágico,2.1094237467877973e-16
Maldives,Muertes por Enfermedad Cardíaca Isquémica,-1.63202784619898e-15
Mongolia,Muertes por Enfermedad Cardíaca Reumática,4.579669976578771e-16
Mongolia,"Muertes por Cardiomiopatía, Miocarditis y Endocarditis",1.2212453270876722e-15
Mongolia,Muertes por Enfermedades Circulatorias,-4.0523140398818213e-16
Mongolia,Muertes por Enfermedad Cardíaca Hipertensiva,-1.1102230246251566e-17
Mongolia,Muertes por Ictus Isquémico,2.886579864025407e-16
Mongolia,Muertes por Ictus Hemorrágico,-8.659739592076221e-16
Mongolia,Muertes por Enfermedad Cardíaca Isquémica,-2.2204460492503132e-17
Myanmar,Muertes por Enfermedad Cardíaca Reumática,1.3766765505351941e-15
Myanmar,"Muertes por Cardiomiopatía, Miocarditis y Endocarditis",8.881784197001252e-16
Myanmar,Muertes por Enfermedades Circulatorias,1.432187701766452e-15
Myanmar,Muertes por Enfermedad Cardíaca Hipertensiva,3.597122599785507e-15
Myanmar,Muertes por Ictus Isquémico,-1.7763568394002506e-16
Myanmar,Muertes por Ictus Hemorrágico,2.3314683517128287e-15
Myanmar,Muertes por Enfermedad Cardíaca Isquémica,-6.661338147750939e-16
Nepal,Muertes por Enfermedad Cardíaca Reumática,-1.887379141862766e-16
Nepal,"Muertes por Cardiomiopatía, Miocarditis y Endocarditis",3.108624468950438e-16
Nepal,Muertes por Enfermedades Circulatorias,3.885780586188048e-16
Nepal,Muertes por Enfermedad Cardíaca Hipertensiva,4.551914400963141e-16
Nepal,Muertes por Ictus Isquémico,5.551115123125783e-17
Nepal,Muertes por Ictus Hemorrágico,-9.880984919163894e-16
Nepal,Muertes por Enfermedad Cardíaca Isquémica,2.4424906541753446e-16
North Korea,Muertes por Enfermedad Cardíaca Reumática,-4.940492459581947e-16
North Korea,"Muertes por Cardiomiopatía, Miocarditis y Endocarditis",-1.1324274851176596e-15
North Korea,Muertes por Enfermedades Circulatorias,3.3306690738754695e-17
North Korea,Muertes por Enfermedad Cardíaca Hipertensiva,5.551115123125783e-17
North Korea,Muertes por Ictus Isquémico,3.9968028886505636e-16
North Korea,Muertes por Ictus Hemorrágico,-1.1102230246251565e-16
North Korea,Muertes por Enfermedad Cardíaca Isquémica,-6.7723604502134545e-16
Oman,Muertes por Enfermedad Cardíaca Reumática,6.661338147750939e-17
Oman,"Muertes por Cardiomiopatía, Miocarditis y Endocarditis",-3.4416913763379854e-16
Oman,Muertes por Enfermedades Circulatorias,-1.0547118733938987e-15
Oman,Muertes por Enfermedad Cardíaca Hipertensiva,7.771561172376095e-17
Oman,Muertes por Ictus Isquémico,-3.3306690738754695e-17
Oman,Muertes por Ictus Hemorrágico,1.0325074129013957e-15
Oman,Muertes por Enfermedad Cardíaca Isquémica,-1.0547118733938987e-15
Pakistan,Muertes por Enfermedad Cardíaca Reumática,-2.4313884239290927e-15
Pakistan,"Muertes por Cardiomiopatía, Miocarditis y Endocarditis",9.103828801926283e-16
Pakistan,Muertes por Enfermedades Circulatorias,-9.325873406851315e-16
Pakistan,Muertes por Enfermedad Cardíaca Hipertensiva,-1.1102230246251566e-17
Pakistan,Muertes por Ictus Isquémico,3.108624468950438e-16
Pakistan,Muertes por Ictus Hemorrágico,-2.120525977034049e-15
Pakistan,Muertes por Enfermedad Cardíaca Isquémica,1.4432899320127036e-16
Philippines,Muertes por Enfermedad Cardíaca Reumática,2.581268532253489e-16
Philippines,"Muertes por Cardiomiopatía, Miocarditis y Endocarditis",3.4416913763379854e-16
Philippines,Muertes por Enfermedades Circulatorias,5.773159728050814e-16
Philippines,Muertes por Enfermedad Cardíaca Hipertensiva,-2.7755575615628914e-16
Philippines,Muertes por Ictus Isquémico,3.774758283725532e-16
Philippines,Muertes por Ictus Hemorrágico,-2.2204460492503132e-17
Philippines,Muertes por Enfermedad Cardíaca Isquémica,-6.7723604502134545e-16
Qatar,Muertes por Enfermedad Cardíaca Reumática,1.887379141862766e-16
Qatar,"Muertes por Cardiomiopatía, Miocarditis y Endocarditis",-5.551115123125783e-17
Qatar,Muertes por Enfermedades Circulatorias,-1.7763568394002506e-16
Qatar,Muertes por Enfermedad Cardíaca Hipertensiva,-3.108624468950438e-16
Qatar,Muertes por Ictus Isquémico,9.992007221626409e-17
Qatar,Muertes por Ictus Hemorrágico,3.6637359812630164e-16
Qatar,Muertes por Enfermedad Cardíaca Isquémica,-5.995204332975846e-16
Saudi Arabia,Muertes por Enfermedad Cardíaca Reumática,-1.554312234475219e-16
Saudi Arabia,"Muertes por Cardiomiopatía, Miocarditis y Endocarditis",-8.881784197001252e-16
Saudi Arabia,Muertes por Enfermedades Circulatorias,4.662936703425658e-16
Saudi Arabia,Muertes por Enfermedad Cardíaca Hipertensiva,1.3322676295501878e-16
Saudi Arabia,Muertes por Ictus Isquémico,1.6653345369377348e-16
Saudi Arabia,Muertes por Ictus Hemorrágico,3.6637359812630164e-16
Saudi Arabia,Muertes por Enfermedad Cardíaca Isquémica,6.661338147750939e-17
Singapore,Muertes por Enfermedad Cardíaca Reumática,6.716849298982197e-16
Singapore,"Muertes por Cardiomiopatía, Miocarditis y Endocarditis",-3.885780586188048e-16
Singapore,Muertes por Enfermedades Circulatorias,1.3322676295501878e-16
Singapore,Muertes por Enfermedad Cardíaca Hipertensiva,1.2212453270876723e-16
Singapore,Muertes por Ictus Isquémico,-5.773159728050814e-16
Singapore,Muertes por Ictus Hemorrágico,-5.273559366969494e-16
Singapore,Muertes por Enfermedad Cardíaca Isquémica,1.6875389974302379e-15
South Korea,Muertes por Enfermedad Cardíaca Reumática,9.353628982466945e-16
South Korea,"Muertes por Cardiomiopatía, Miocarditis y Endocarditis",1.9151347174783951e-16
South Korea,Muertes por Enfermedades Circulatorias,1.554312234475219e-16
South Korea,Muertes por Enfermedad Cardíaca Hipertensiva,-4.038436252074007e-16
South Korea,Muertes por Ictus Isquémico,-3.4416913763379854e-16
South Korea,Muertes por Ictus Hemorrágico,-2.1094237467877973e-16
South Korea,Muertes por Enfermedad Cardíaca Isquémica,1.887379141862766e-16
Sri Lanka,Muertes por Enfermedad Cardíaca Reumática,-6.661338147750939e-17
Sri Lanka,"Muertes por Cardiomiopatía, Miocarditis y Endocarditis",1.4432899320127036e-16
Sri Lanka,Muertes por Enfermedades Circulatorias,-2.831068712794149e-16
Sri Lanka,Muertes por Enfermedad Cardíaca Hipertensiva,-1.2212453270876723e-16
Sri Lanka,Muertes por Ictus Isquémico,6.938893903907228e-16
Sri Lanka,Muertes por Ictus Hemorrágico,1.5099033134902129e-15
Sri Lanka,Muertes por Enfermedad Cardíaca Isquémica,-2.020605904817785e-15
Syria,Muertes por Enfermedad Cardíaca Reumática,3.4416913763379854e-16
Syria,"Muertes por Cardiomiopatía, Miocarditis y Endocarditis",-9.270362255620057e-16
Syria,Muertes por Enfermedades Circulatorias,1.4654943925052066e-15
Syria,Muertes por Enfermedad Cardíaca Hipertensiva,-3.574918139293004e-15
Syria,Muertes por Ictus Isquémico,-6.994405055138486e-16
Syria,Muertes por Ictus Hemorrágico,-6.050715484207103e-16
Syria,Muertes por Enfermedad Cardíaca Isquémica,2.6645352591003756e-16
Tajikistan,Muertes por Enfermedad Cardíaca Reumática,-4.1078251911130794e-16
Tajikistan,"Muertes por Cardiomiopatía, Miocarditis y Endocarditis",-3.552713678800501e-16
Tajikistan,Muertes por Enfermedades Circulatorias,-5.551115123125783e-16
Tajikistan,Muertes por Enfermedad Cardíaca Hipertensiva,7.660538869913581e-16
Tajikistan,Muertes por Ictus Isquémico,2.831068712794149e-16
Tajikistan,Muertes por Ictus Hemorrágico,3.3306690738754696e-16
Tajikistan,Muertes por Enfermedad Cardíaca Isquémica,6.217248937900876e-16
Thailand,Muertes por Enfermedad Cardíaca Reumática,-4.718447854656915e-17
Thailand,"Muertes por Cardiomiopatía, Miocarditis y Endocarditis",-1.3322676295501878e-15
Thailand,Muertes por Enfermedades Circulatorias,-4.1078251911130794e-16
Thailand,Muertes por Enfermedad Cardíaca Hipertensiva,7.105427357601002e-16
Thailand,Muertes por Ictus Isquémico,-7.993605777301127e-16
Thailand,Muertes por Ictus Hemorrágico,-1.7763568394002506e-16
Thailand,Muertes por Enfermedad Cardíaca Isquémica,-9.992007221626409e-16
Turkmenistan,Muertes por Enfermedad Cardíaca Reumática,-2.4424906541753446e-16
Turkmenistan,"Muertes por Cardiomiopatía, Miocarditis y Endocarditis",5.051514762044462e-16
Turkmenistan,Muertes por Enfermedades Circulatorias,-1.1879386363489174e-15
Turkmenistan,Muertes por Enfermedad Cardíaca Hipertensiva,2.7144952952085077e-15
Turkmenistan,Muertes por Ictus Isquémico,1.6209256159527285e-15
Turkmenistan,Muertes por Ictus Hemorrágico,7.403799795469013e-16
Turkmenistan,Muertes por Enfermedad Cardíaca Isquémica,1.1435297153639113e-15
United Arab Emirates,Muertes por Enfermedad Cardíaca Reumática,-2.4424906541753446e-16
United Arab Emirates,"Muertes por Cardiomiopatía, Miocarditis y Endocarditis",4.773959005888173e-16
United Arab Emirates,Muertes por Enfermedades Circulatorias,-6.439293542825908e-16
United Arab Emirates,Muertes por Enfermedad Cardíaca Hipertensiva,-6.994405055138486e-16
United Arab Emirates,Muertes por Ictus Isquémico,-2.1094237467877973e-16
United Arab Emirates,Muertes por Ictus Hemorrágico,-8.881784197001252e-16
United Arab Emirates,Muertes por Enfermedad Cardíaca Isquémica,-3.219646771412954e-16
Uzbekistan,Muertes por Enfermedad Cardíaca Reumática,1.0935696792557792e-15
Uzbekistan,"Muertes por Cardiomiopatía, Miocarditis y Endocarditis",-5.884182030513329e-16
Uzbekistan,Muertes por Enfermedades Circulatorias,-2.6645352591003756e-16
Uzbekistan,Muertes por Enfermedad Cardíaca Hipertensiva,-1.8207657603852566e-15
Uzbekistan,Muertes por Ictus Isquémico,-1.1102230246251565e-16
Uzbekistan,Muertes por Ictus Hemorrágico,1.304512053934559e-15
Uzbekistan,Muertes por Enfermedad Cardíaca Isquémica,1.787459069646502e-15
Vietnam,Muertes por Enfermedad Cardíaca Reumática,2.7755575615628914e-17
Vietnam,"Muertes por Cardiomiopatía, Miocarditis y Endocarditis",1.942890293094024e-15
Vietnam,Muertes por Enfermedades Circulatorias,4.551914400963141e-16
Vietnam,Muertes por Enfermedad Cardíaca Hipertensiva,-1.8318679906315083e-15
Vietnam,Muertes por Ictus Isquémico,-2.55351295663786e-16
Vietnam,Muertes por Ictus Hemorrágico,1.1657341758564144e-15
Vietnam,Muertes por Enfermedad Cardíaca Isquémica,7.771561172376095e-17
Yemen,Muertes por Enfermedad Cardíaca Reumática,-7.327471962526033e-16
Yemen,"Muertes por Cardiomiopatía, Miocarditis y Endocarditis",1.865174681370263e-15
Yemen,Muertes por Enfermedades Circulatorias,-8.881784197001253e-17
Yemen,Muertes por Enfermedad Cardíaca Hipertensiva,-1.554312234475219e-16
Yemen,Muertes por Ictus Isquémico,7.882583474838611e-16
Yemen,Muertes por Ictus Hemorrágico,-6.661338147750939e-16
Yemen,Muertes por Enfermedad Cardíaca Isquémica,-7.105427357601002e-16
Europe,Muertes por Enfermedad Cardíaca Reumática,-7.327471962526033e-16
Europe,"Muertes por Cardiomiopatía, Miocarditis y Endocarditis",-3.3306690738754695e-17
Europe,Muertes por Enfermedades Circulatorias,-3.3306690738754696e-16
Europe,Muertes por Enfermedad Cardíaca Hipertensiva,-2.331468351712829e-16
Europe,Muertes por Ictus Isquémico,2.331468351712829e-16
Europe,Muertes por Ictus Hemorrágico,2.020605904817785e-15
Europe,Muertes por Enfermedad Cardíaca Isquémica,-5.995204332975846e-16
Albania,Muertes por Enfermedad Cardíaca Reumática,1.887379141862766e-16
Albania,"Muertes por Cardiomiopatía, Miocarditis y Endocarditis",-1.1102230246251565e-16
Albania,Muertes por Enfermedades Circulatorias,2.4424906541753446e-16
Albania,Muertes por Enfermedad Cardíaca Hipertensiva,5.10702591327572e-16
Albania,Muertes por Ictus Isquémico,3.108624468950438e-16
Albania,Muertes por Ictus Hemorrágico,-3.108624468950438e-16
Albania,Muertes por Enfermedad Cardíaca Isquémica,2.4424906541753446e-16
Austria,Muertes por Enfermedad Cardíaca Reumática,-3.552713678800501e-16
Austria,"Muertes por Cardiomiopatía, Miocarditis y Endocarditis",-5.551115123125783e-17
Austria,Muertes por Enfermedades Circulatorias,1.6653345369377348e-16
Austria,Muertes por Enfermedad Cardíaca Hipertensiva,3.6637359812630164e-16
Austria,Muertes por Ictus Isquémico,1.554312234475219e-16
Austria,Muertes por Ictus Hemorrágico,-2.331468351712829e-16
Austria,Muertes por Enfermedad Cardíaca Isquémica,-4.2188474935755947e-16
Belarus,Muertes por Enfermedad Cardíaca Reumática,9.992007221626409e-17
Belarus,"Muertes por Cardiomiopatía, Miocarditis y Endocarditis",-5.884182030513329e-16
Belarus,Muertes por Enfermedades Circulatorias,-1.4210854715202005e-15
Belarus,Muertes por Enfermedad Cardíaca Hipertensiva,5.551115123125783e-18
Belarus,Muertes por Ictus Isquémico,-8.770761894538737e-16
Belarus,Muertes por Ictus Hemorrágico,-8.881784197001253e-17
Belarus,Muertes por Enfermedad Cardíaca Isquémica,1.942890293094024e-15
Belgium,Muertes por Enfermedad Cardíaca Reumática,3.499978085130806e-15
Belgium,"Muertes por Cardiomiopatía, Miocarditis y Endocarditis",-2.6978419498391305e-15
Belgium,Muertes por Enfermedades Circulatorias,8.271161533457416e-16
Belgium,Muertes por Enfermedad Cardíaca Hipertensiva,2.7755575615628914e-17
Belgium,Muertes por Ictus Isquémico,5.551115123125783e-16
Belgium,Muertes por Ictus Hemorrágico,-1.2212453270876723e-16
Belgium,Muertes por Enfermedad Cardíaca Isquémica,-3.3306690738754696e-16
Bosnia and Herzegovina,Muertes por Enfermedad Cardíaca Reumática,6.661338147750939e-17
Bosnia and Herzegovina,"Muertes por Cardiomiopatía, Miocarditis y Endocarditis",-1.0103029524088924e-15
Bosnia and Herzegovina,Muertes por Enfermedades Circulatorias,1.887379141862766e-15
Bosnia and Herzegovina,Muertes por Enfermedad Cardíaca Hipertensiva,6.050715484207103e-16
Bosnia and Herzegovina,Muertes por Ictus Isquémico,-9.159339953157541e-17
Bosnia and Herzegovina,Muertes por Ictus Hemorrágico,-1.6014967130217884e-15
Bosnia and Herzegovina,Muertes por Enfermedad Cardíaca Isquémica,2.1538326677728035e-15
Bulgaria,Muertes por Enfermedad Cardíaca Reumática,2.0539125955565397e-16
Bulgaria,"Muertes por Cardiomiopatía, Miocarditis y Endocarditis",-8.215650382226159e-16
Bulgaria,Muertes por Enfermedades Circulatorias,4.3298697960381104e-16
Bulgaria,Muertes por Enfermedad Cardíaca Hipertensiva,-1.1157741397482824e-15
Bulgaria,Muertes por Ictus Isquémico,-2.625677453238495e-15
Bulgaria,Muertes por Ictus Hemorrágico,-6.716849298982197e-16
Bulgaria,Muertes por Enfermedad Cardíaca Isquémica,-2.0025647806676263e-15
Croatia,Muertes por Enfermedad Cardíaca Reumática,-2.1649348980190552e-16
Croatia,"Muertes por Cardiomiopatía, Miocarditis y Endocarditis",2.3869795029440865e-16
Croatia,Muertes por Enfermedades Circulatorias,3.552713678800501e-16
Croatia,Muertes por Enfermedad Cardíaca Hipertensiva,-1.8596235662471373e-16
Croatia,Muertes por Ictus Isquémico,-7.105427357601002e-16
Croatia,Muertes por Ictus Hemorrágico,9.992007221626409e-17
Croatia,Muertes por Enfermedad Cardíaca Isquémica,1.3766765505351941e-15
Czechia,Muertes por Enfermedad Cardíaca Reumática,8.659739592076221e-16
Czechia,"Muertes por Cardiomiopatía, Miocarditis y Endocarditis",-3.4416913763379854e-16
Czechia,Muertes por Enfermedades Circulatorias,-1.870725796493389e-15
Czechia,Muertes por Enfermedad Cardíaca Hipertensiva,-2.6645352591003756e-16
Czechia,Muertes por Ictus Isquémico,6.328271240363392e-16
Czechia,Muertes por Ictus Hemorrágico,-7.438494264988549e-16
Czechia,Muertes por Enfermedad Cardíaca Isquémica,-9.29256671611256e-15
Denmark,Muertes por Enfermedad Cardíaca Reumática,-4.9960036108132046e-17
Denmark,"Muertes por Cardiomiopatía, Miocarditis y Endocarditis",3.9412917374193055e-16
Denmark,Muertes por Enfermedades Circulatorias,-1.4654943925052066e-15
Denmark,Muertes por Enfermedad Cardíaca Hipertensiva,3.4416913763379854e-16
Denmark,Muertes por Ictus Isquémico,-4.773959005888173e-16
Denmark,Muertes por Ictus Hemorrágico,-2.2204460492503132e-17
Denmark,Muertes por Enfermedad Cardíaca Isquémica,-4.662936703425658e-16
Estonia,Muertes por Enfermedad Cardíaca Reumática,2.7755575615628914e-16
Estonia,"Muertes por Cardiomiopatía, Miocarditis y Endocarditis",-7.216449660063518e-17
Estonia,Muertes por Enfermedades Circulatorias,1.454392162258955e-15
Estonia,Muertes por Enfermedad Cardíaca Hipertensiva,-4.4408920985006264e-17
Estonia,Muertes por Ictus Isquémico,-1.0547118733938987e-16
Estonia,Muertes por Ictus Hemorrágico,3.9968028886505636e-16
Estonia,Muertes por Enfermedad Cardíaca Isquémica,2.331468351712829e-16
Finland,Muertes por Enfermedad Cardíaca Reumática,-1.4432899320127036e-16
Finland,"Muertes por Cardiomiopatía, Miocarditis y Endocarditis",-1.0397932515004981e-15
Finland,Muertes por Enfermedades Circulatorias,1.2045919817182948e-15
Finland,Muertes por Enfermedad Cardíaca Hipertensiva,1.2212453270876723e-16
Finland,Muertes por Ictus Isquémico,-2.997602166487923e-16
Finland,Muertes por Ictus Hemorrágico,1.554312234475219e-16
Finland,Muertes por Enfermedad Cardíaca Isquémica,1.4099832412739487e-15
France,Muertes por Enfermedad Cardíaca Reumática,2.331468351712829e-16
France,"Muertes por Cardiomiopatía, Miocarditis y Endocarditis",7.271960811294775e-16
France,Muertes por Enfermedades Circulatorias,-2.0761170560490427e-15
France,Muertes por Enfermedad Cardíaca Hipertensiva,8.881784197001253e-17
France,Muertes por Ictus Isquémico,-8.132383655379272e-16
France,Muertes por Ictus Hemorrágico,-3.497202527569243e-15
France,Muertes por Enfermedad Cardíaca Isquémica,3.9968028886505636e-16
Germany,Muertes por Enfermedad Cardíaca Reumática,-1.27675647831893e-16
Germany,"Muertes por Cardiomiopatía, Miocarditis y Endocarditis",-3.191891195797325e-16
Germany,Muertes por Enfermedades Circulatorias,-9.159339953157541e-17
Germany,Muertes por Enfermedad Cardíaca Hipertensiva,5.967448757360216e-17
Germany,Muertes por Ictus Isquémico,-1.1102230246251565e-16
Germany,Muertes por Ictus Hemorrágico,1.765254609153999e-15
Germany,Muertes por Enfermedad Cardíaca Isquémica,-1.3322676295501878e-16
Greece,Muertes por Enfermedad Cardíaca Reumática,2.2204460492503132e-17
Greece,"Muertes por Cardiomiopatía, Miocarditis y Endocarditis",-1.7763568394002506e-16
Greece,Muertes por Enfermedades Circulatorias,3.108624468950438e-16
Greece,Muertes por Enfermedad Cardíaca Hipertensiva,-1.6653345369377348e-16
Greece,Muertes por Ictus Isquémico,-4.662936703425658e-16
Greece,Muertes por Ictus Hemorrágico,6.439293542825908e-16
Greece,Muertes por Enfermedad Cardíaca Isquémica,-4.2188474935755947e-16
Hungary,Muertes por Enfermedad Cardíaca Reumática,-3.774758283725532e-16
Hungary,"Muertes por Cardiomiopatía, Miocarditis y Endocarditis",-1.0113437864944785e-15
Hungary,Muertes por Enfermedades Circulatorias,-3.3861802251067273e-16
Hungary,Muertes por Enfermedad Cardíaca Hipertensiva,3.219646771412954e-16
Hungary,Muertes por Ictus Isquémico,4.440892098500626e-16
Hungary,Muertes por Ictus Hemorrágico,5.995204332975846e-16
Hungary,Muertes por Enfermedad Cardíaca Isquémica,3.708144902248023e-15
Iceland,Muertes por Enfermedad Cardíaca Reumática,3.6637359812630164e-16
Iceland,"Muertes por Cardiomiopatía, Miocarditis y Endocarditis",-4.662936703425658e-16
Iceland,Muertes por Enfermedades Circulatorias,2.2204460492503132e-17
Iceland,Muertes por Enfermedad Cardíaca Hipertensiva,2.4424906541753446e-16
Iceland,Muertes por Ictus Isquémico,-5.440092820663267e-16
Iceland,Muertes por Ictus Hemorrágico,-2.3092638912203257e-15
Iceland,Muertes por Enfermedad Cardíaca Isquémica,-1.6542323066914833e-15
Ireland,Muertes por Enfermedad Cardíaca Reumática,8.881784197001252e-16
Ireland,"Muertes por Cardiomiopatía, Miocarditis y Endocarditis",-2.148281552649678e-15
Ireland,Muertes por Enfermedades Circulatorias,2.4646951146678474e-15
Ireland,Muertes por Enfermedad Cardíaca Hipertensiva,-5.995204332975846e-16
Ireland,Muertes por Ictus Isquémico,-4.996003610813204e-16
Ireland,Muertes por Ictus Hemorrágico,-3.3528735343679727e-15
Ireland,Muertes por Enfermedad Cardíaca Isquémica,-6.883382752675971e-16
Italy,Muertes por Enfermedad Cardíaca Reumática,1.27675647831893e-15
Italy,"Muertes por Cardiomiopatía, Miocarditis y Endocarditis",6.106226635438361e-16
Italy,Muertes por Enfermedades Circulatorias,-6.550315845288424e-16
Italy,Muertes por Enfermedad Cardíaca Hipertensiva,1.1102230246251566e-17
Italy,Muertes por Ictus Isquémico,3.269606807521086e-15
Italy,Muertes por Ictus Hemorrágico,-3.708144902248023e-15
Italy,Muertes por Enfermedad Cardíaca Isquémica,6.994405055138486e-16
Latvia,Muertes por Enfermedad Cardíaca Reumática,-5.329070518200751e-16
Latvia,"Muertes por Cardiomiopatía, Miocarditis y Endocarditis",1.2850831510036186e-15
Latvia,Muertes por Enfermedades Circulatorias,1.0547118733938987e-16
Latvia,Muertes por Enfermedad Cardíaca Hipertensiva,-1.887379141862766e-16
Latvia,Muertes por Ictus Isquémico,5.467848396278896e-16
Latvia,Muertes por Ictus Hemorrágico,-4.2188474935755947e-16
Latvia,Muertes por Enfermedad Cardíaca Isquémica,-5.218048215738236e-16
Lithuania,Muertes por Enfermedad Cardíaca Reumática,3.552713678800501e-16
Lithuania,"Muertes por Cardiomiopatía, Miocarditis y Endocarditis",-4.3298697960381104e-16
Lithuania,Muertes por Enfermedades Circulatorias,-2.7755575615628914e-16
Lithuania,Muertes por Enfermedad Cardíaca Hipertensiva,-8.881784197001253e-17
Lithuania,Muertes por Ictus Isquémico,2.6645352591003756e-16
Lithuania,Muertes por Ictus Hemorrágico,-8.437694987151189e-16
Lithuania,Muertes por Enfermedad Cardíaca Isquémica,1.2462253451417382e-15
Luxembourg,Muertes por Enfermedad Cardíaca Reumática,6.661338147750939e-17
Luxembourg,"Muertes por Cardiomiopatía, Miocarditis y Endocarditis",-8.104628079763643e-16
Luxembourg,Muertes por Enfermedades Circulatorias,-5.551115123125783e-16
Luxembourg,Muertes por Enfermedad Cardíaca Hipertensiva,2.2204460492503132e-17
Luxembourg,Muertes por Ictus Isquémico,2.55351295663786e-16
Luxembourg,Muertes por Ictus Hemorrágico,-4.884981308350689e-16
Luxembourg,Muertes por Enfermedad Cardíaca Isquémica,-1.4155343563970745e-16
Malta,Muertes por Enfermedad Cardíaca Reumática,-1.9984014443252818e-16
Malta,"Muertes por Cardiomiopatía, Miocarditis y Endocarditis",-6.106226635438361e-16
Malta,Muertes por Enfermedades Circulatorias,-5.10702591327572e-16
Malta,Muertes por Enfermedad Cardíaca Hipertensiva,3.3306690738754695e-17
Malta,Muertes por Ictus Isquémico,2.331468351712829e-16
Malta,Muertes por Ictus Hemorrágico,-4.884981308350689e-16
Malta,Muertes por Enfermedad Cardíaca Isquémica,-2.3956531203239706e-15
Moldova,Muertes por Enfermedad Cardíaca Reumática,1.9984014443252818e-16
Moldova,"Muertes por Cardiomiopatía, Miocarditis y Endocarditis",5.551115123125783e-17
Moldova,Muertes por Enfermedades Circulatorias,8.381316474181943e-16
Moldova,Muertes por Enfermedad Cardíaca Hipertensiva,3.219646771412954e-16
Moldova,Muertes por Ictus Isquémico,-1.0547118733938987e-15
Moldova,Muertes por Ictus Hemorrágico,-4.884981308350689e-16
Moldova,Muertes por Enfermedad Cardíaca Isquémica,-9.992007221626409e-17
Montenegro,Muertes por Enfermedad Cardíaca Reumática,-1.2212453270876723e-16
Montenegro,"Muertes por Cardiomiopatía, Miocarditis y Endocarditis",2.7755575615628914e-16
Montenegro,Muertes por Enfermedades Circulatorias,-9.992007221626409e-16
Montenegro,Muertes por Enfermedad Cardíaca Hipertensiva,1.0547118733938987e-16
Montenegro,Muertes por Ictus Isquémico,3.0531133177191805e-16
Montenegro,Muertes por Ictus Hemorrágico,1.6930901125533637e-15
Montenegro,Muertes por Enfermedad Cardíaca Isquémica,-1.1768364061026659e-15
Netherlands,Muertes por Enfermedad Cardíaca Reumática,-6.661338147750939e-17
Netherlands,"Muertes por Cardiomiopatía, Miocarditis y Endocarditis",3.26405569239796e-15
Netherlands,Muertes por Enfermedades Circulatorias,3.241851231905457e-15
Netherlands,Muertes por Enfermedad Cardíaca Hipertensiva,2.7200464103316337e-16
Netherlands,Muertes por Ictus Isquémico,-3.4416913763379854e-16
Netherlands,Muertes por Ictus Hemorrágico,-9.381384558082572e-16
Netherlands,Muertes por Enfermedad Cardíaca Isquémica,-1.1435297153639113e-15
North Macedonia,Muertes por Enfermedad Cardíaca Reumática,-1.9984014443252818e-16
North Macedonia,"Muertes por Cardiomiopatía, Miocarditis y Endocarditis",-4.440892098500626e-16
North Macedonia,Muertes por Enfermedades Circulatorias,1.2614909117303342e-15
North Macedonia,Muertes por Enfermedad Cardíaca Hipertensiva,-2.3869795029440865e-16
North Macedonia,Muertes por Ictus Isquémico,-2.264854970235319e-15
North Macedonia,Muertes por Ictus Hemorrágico,1.1879386363489174e-15
North Macedonia,Muertes por Enfermedad Cardíaca Isquémica,-8.104628079763643e-16
Norway,Muertes por Enfermedad Cardíaca Reumática,1.0963452368173421e-16
Norway,"Muertes por Cardiomiopatía, Miocarditis y Endocarditis",-7.716050021144838e-16
Norway,Muertes por Enfermedades Circulatorias,2.4868995751603505e-15
Norway,Muertes por Enfermedad Cardíaca Hipertensiva,-7.965850201685498e-16
Norway,Muertes por Ictus Isquémico,-4.1078251911130794e-16
Norway,Muertes por Ictus Hemorrágico,-1.6653345369377348e-16
Norway,Muertes por Enfermedad Cardíaca Isquémica,1.1102230246251565e-15
Poland,Muertes por Enfermedad Cardíaca Reumática,-1.4432899320127036e-16
Poland,"Muertes por Cardiomiopatía, Miocarditis y Endocarditis",6.272760089132135e-16
Poland,Muertes por Enfermedades Circulatorias,-1.0547118733938987e-15
Poland,Muertes por Enfermedad Cardíaca Hipertensiva,1.6653345369377348e-16
Poland,Muertes por Ictus Isquémico,3.4416913763379854e-16
Poland,Muertes por Ictus Hemorrágico,1.2434497875801752e-15
Poland,Muertes por Enfermedad Cardíaca Isquémica,-2.631228568361621e-15
Portugal,Muertes por Enfermedad Cardíaca Reumática,-3.219646771412954e-16
Portugal,"Muertes por Cardiomiopatía, Miocarditis y Endocarditis",-4.662936703425658e-16
Portugal,Muertes por Enfermedades Circulatorias,-4.1078251911130794e-16
Portugal,Muertes por Enfermedad Cardíaca Hipertensiva,-1.3322676295501878e-16
Portugal,Muertes por Ictus Isquémico,6.661338147750939e-17
Portugal,Muertes por Ictus Hemorrágico,-3.885780586188048e-16
Portugal,Muertes por Enfermedad Cardíaca Isquémica,9.992007221626409e-17
Romania,Muertes por Enfermedad Cardíaca Reumática,-2.331468351712829e-16
Romania,"Muertes por Cardiomiopatía, Miocarditis y Endocarditis",6.439293542825908e-16
Romania,Muertes por Enfermedades Circulatorias,-8.049116928532385e-16
Romania,Muertes por Enfermedad Cardíaca Hipertensiva,-7.271960811294775e-16
Romania,Muertes por Ictus Isquémico,4.1078251911130794e-16
Romania,Muertes por Ictus Hemorrágico,1.1768364061026659e-15
Romania,Muertes por Enfermedad Cardíaca Isquémica,-5.062616992290714e-15
Russia,Muertes por Enfermedad Cardíaca Reumática,-3.4416913763379854e-16
Russia,"Muertes por Cardiomiopatía, Miocarditis y Endocarditis",6.661338147750939e-17
Russia,Muertes por Enfermedades Circulatorias,-6.106226635438361e-16
Russia,Muertes por Enfermedad Cardíaca Hipertensiva,1.6986412276764896e-15
Russia,Muertes por Ictus Isquémico,-1.5432100042289676e-15
Russia,Muertes por Ictus Hemorrágico,-3.552713678800501e-16
Russia,Muertes por Enfermedad Cardíaca Isquémica,-4.4408920985006264e-17
Serbia,Muertes por Enfermedad Cardíaca Reumática,3.9968028886505636e-16
Serbia,"Muertes por Cardiomiopatía, Miocarditis y Endocarditis",-5.218048215738236e-16
Serbia,Muertes por Enfermedades Circulatorias,1.2618378564255294e-15
Serbia,Muertes por Enfermedad Cardíaca Hipertensiva,3.7470027081099036e-17
Serbia,Muertes por Ictus Isquémico,2.0317081350640365e-15
Serbia,Muertes por Ictus Hemorrágico,4.4408920985006264e-17
Serbia,Muertes por Enfermedad Cardíaca Isquémica,-4.585221091701896e-15
Slovakia,Muertes por Enfermedad Cardíaca Reumática,-3.4416913763379854e-16
Slovakia,"Muertes por Cardiomiopatía, Miocarditis y Endocarditis",1.0547118733938987e-16
Slovakia,Muertes por Enfermedades Circulatorias,3.7192471324942745e-16
Slovakia,Muertes por Enfermedad Cardíaca Hipertensiva,-6.106226635438361e-17
Slovakia,Muertes por Ictus Isquémico,1.0658141036401502e-15
Slovakia,Muertes por Ictus Hemorrágico,6.661338147750939e-16
Slovakia,Muertes por Enfermedad Cardíaca Isquémica,-1.4432899320127035e-15
Slovenia,Muertes por Enfermedad Cardíaca Reumática,-4.440892098500626e-16
Slovenia,"Muertes por Cardiomiopatía, Miocarditis y Endocarditis",2.55351295663786e-16
Slovenia,Muertes por Enfermedades Circulatorias,-5.440092820663267e-16
Slovenia,Muertes por Enfermedad Cardíaca Hipertensiva,-3.4416913763379854e-16
Slovenia,Muertes por Ictus Isquémico,-1.8041124150158794e-15
Slovenia,Muertes por Ictus Hemorrágico,2.0761170560490427e-15
Slovenia,Muertes por Enfermedad Cardíaca Isquémica,4.324318680914985e-15
Spain,Muertes por Enfermedad Cardíaca Reumática,-1.1102230246251565e-15
Spain,"Muertes por Cardiomiopatía, Miocarditis y Endocarditis",-2.986499936241671e-15
Spain,Muertes por Enfermedades Circulatorias,-1.7763568394002506e-16
Spain,Muertes por Enfermedad Cardíaca Hipertensiva,-6.661338147750939e-17
Spain,Muertes por Ictus Isquémico,2.7755575615628914e-16
Spain,Muertes por Ictus Hemorrágico,-5.440092820663267e-16
Spain,Muertes por Enfermedad Cardíaca Isquémica,-1.2212453270876723e-16
Sweden,Muertes por Enfermedad Cardíaca Reumática,-5.273559366969494e-16
Sweden,"Muertes por Cardiomiopatía, Miocarditis y Endocarditis",-1.030078800035028e-15
Sweden,Muertes por Enfermedades Circulatorias,-1.8318679906315082e-16
Sweden,Muertes por Enfermedad Cardíaca Hipertensiva,-2.997602166487923e-16
Sweden,Muertes por Ictus Isquémico,-8.326672684688674e-16
Sweden,Muertes por Ictus Hemorrágico,1.3544720900426909e-15
Sweden,Muertes por Enfermedad Cardíaca Isquémica,2.1094237467877973e-16
Switzerland,Muertes por Enfermedad Cardíaca Reumática,3.774758283725532e-16
Switzerland,"Muertes por Cardiomiopatía, Miocarditis y Endocarditis",4.551914400963141e-16
Switzerland,Muertes por Enfermedades Circulatorias,-9.547918011776346e-16
Switzerland,Muertes por Enfermedad Cardíaca Hipertensiva,6.7723604502134545e-16
Switzerland,Muertes por Ictus Isquémico,-2.7200464103316337e-16
Switzerland,Muertes por Ictus Hemorrágico,-2.55351295663786e-16
Switzerland,Muertes por Enfermedad Cardíaca Isquémica,-2.2204460492503132e-17
Ukraine,Muertes por Enfermedad Cardíaca Reumática,4.2188474935755947e-16
Ukraine,"Muertes por Cardiomiopatía, Miocarditis y Endocarditis",2.331468351712829e-16
Ukraine,Muertes por Enfermedades Circulatorias,2.0039525594484076e-15
Ukraine,Muertes por Enfermedad Cardíaca Hipertensiva,-9.43689570931383e-16
Ukraine,Muertes por Ictus Isquémico,1.9761969838327787e-15
Ukraine,Muertes por Ictus Hemorrágico,-7.882583474838611e-16
Ukraine,Muertes por Enfermedad Cardíaca Isquémica,-2.7311486405778852e-15
United Kingdom,Muertes por Enfermedad Cardíaca Reumática,-5.662137425588298e-16
United Kingdom,"Muertes por Cardiomiopatía, Miocarditis y Endocarditis",-3.6637359812630164e-16
United Kingdom,Muertes por Enfermedades Circulatorias,3.0864200084579353e-15
United Kingdom,Muertes por Enfermedad Cardíaca Hipertensiva,-4.0523140398818213e-16
United Kingdom,Muertes por Ictus Isquémico,-7.327471962526033e-16
United Kingdom,Muertes por Ictus Hemorrágico,2.55351295663786e-16
United Kingdom,Muertes por Enfermedad Cardíaca Isquémica,1.2212453270876723e-16
Oceania,Muertes por Enfermedad Cardíaca Reumática,-7.771561172376095e-17
Oceania,"Muertes por Cardiomiopatía, Miocarditis y Endocarditis",-2.1094237467877973e-16
Oceania,Muertes por Enfermedades Circulatorias,4.884981308350689e-16
Oceania,Muertes por Enfermedad Cardíaca Hipertensiva,-3.4416913763379854e-16
Oceania,Muertes por Ictus Isquémico,6.550315845288424e-16
Oceania,Muertes por Ictus Hemorrágico,-1.4432899320127035e-15
Oceania,Muertes por Enfermedad Cardíaca Isquémica,5.3179682879545e-15
Australia,Muertes por Enfermedad Cardíaca Reumática,-8.1601392309949e-16
Australia,"Muertes por Cardiomiopatía, Miocarditis y Endocarditis",6.106226635438361e-16
Australia,Muertes por Enfermedades Circulatorias,-3.774758283725532e-16
Australia,Muertes por Enfermedad Cardíaca Hipertensiva,-3.885780586188048e-16
Australia,Muertes por Ictus Isquémico,3.68594044175552e-15
Australia,Muertes por Ictus Hemorrágico,1.2656542480726785e-15
Australia,Muertes por Enfermedad Cardíaca Isquémica,8.881784197001253e-17
Fiji,Muertes por Enfermedad Cardíaca Reumática,3.7192471324942744e-15
Fiji,"Muertes por Cardiomiopatía, Miocarditis y Endocarditis",7.771561172376096e-16
Fiji,Muertes por Enfermedades Circulatorias,-2.220446049250313e-16
Fiji,Muertes por Enfermedad Cardíaca Hipertensiva,-2.886579864025407e-16
Fiji,Muertes por Ictus Isquémico,1.1546319456101628e-15
Fiji,Muertes por Ictus Hemorrágico,-1.0880185641326535e-15
Fiji,Muertes por Enfermedad Cardíaca Isquémica,6.661338147750939e-17
Kiribati,Muertes por Enfermedad Cardíaca Reumática,-3.3306690738754696e-16
Kiribati,"Muertes por Cardiomiopatía, Miocarditis y Endocarditis",-3.3306690738754695e-17
Kiribati,Muertes por Enfermedades Circulatorias,3.4416913763379854e-16
Kiribati,Muertes por Enfermedad Cardíaca Hipertensiva,-3.885780586188048e-16
Kiribati,Muertes por Ictus Isquémico,5.551115123125783e-16
Kiribati,Muertes por Ictus Hemorrágico,-3.6637359812630164e-16
Kiribati,Muertes por Enfermedad Cardíaca Isquémica,-5.995204332975846e-16
Micronesia (country),Muertes por Enfermedad Cardíaca Reumática,9.880984919163894e-16
Micronesia (country),"Muertes por Cardiomiopatía, Miocarditis y Endocarditis",4.4408920985006264e-17
Micronesia (country),Muertes por Enfermedades Circulatorias,-7.327471962526033e-16
Micronesia (country),Muertes por Enfermedad Cardíaca Hipertensiva,1.0880185641326535e-15
Micronesia (country),Muertes por Ictus Isquémico,-1.27675647831893e-15
Micronesia (country),Muertes por Ictus Hemorrágico,-2.575717417130363e-15
Micronesia (country),Muertes por Enfermedad Cardíaca Isquémica,-3.9968028886505636e-16
New Zealand,Muertes por Enfermedad Cardíaca Reumática,-4.274358644806853e-16
New Zealand,"Muertes por Cardiomiopatía, Miocarditis y Endocarditis",2.1094237467877973e-16
New Zealand,Muertes por Enfermedades Circulatorias,0.0
New Zealand,Muertes por Enfermedad Cardíaca Hipertensiva,3.9968028886505636e-16
New Zealand,Muertes por Ictus Isquémico,-1.4988010832439613e-15
New Zealand,Muertes por Ictus Hemorrágico,-3.141931159689193e-15
New Zealand,Muertes por Enfermedad Cardíaca Isquémica,-1.1102230246251565e-15
Papua New Guinea,Muertes por Enfermedad Cardíaca Reumática,5.551115123125783e-16
Papua New Guinea,"Muertes por Cardiomiopatía, Miocarditis y Endocarditis",-6.661338147750939e-17
Papua New Guinea,Muertes por Enfermedades Circulatorias,-7.660538869913581e-16
Papua New Guinea,Muertes por Enfermedad Cardíaca Hipertensiva,0.0
Papua New Guinea,Muertes por Ictus Isquémico,-4.440892098500626e-16
Papua New Guinea,Muertes por Ictus Hemorrágico,1.2212453270876723e-16
Papua New Guinea,Muertes por Enfermedad Cardíaca Isquémica,5.440092820663267e-16
Samoa,Muertes por Enfermedad Cardíaca Reumática,1.6819878823071122e-15
Samoa,"Muertes por Cardiomiopatía, Miocarditis y Endocarditis",1.3322676295501878e-15
Samoa,Muertes por Enfermedades Circulatorias,7.660538869913581e-16
Samoa,Muertes por Enfermedad Cardíaca Hipertensiva,-4.440892098500626e-16
Samoa,Muertes por Ictus Isquémico,1.582067810090848e-15
Samoa,Muertes por Ictus Hemorrágico,-6.328271240363392e-16
Samoa,Muertes por Enfermedad Cardíaca Isquémica,-1.2212453270876722e-15
Solomon Islands,Muertes por Enfermedad Cardíaca Reumática,2.55351295663786e-16
Solomon Islands,"Muertes por Cardiomiopatía, Miocarditis y Endocarditis",1.1102230246251565e-16
Solomon Islands,Muertes por Enfermedades Circulatorias,-3.6637359812630164e-16
Solomon Islands,Muertes por Enfermedad Cardíaca Hipertensiva,4.2188474935755947e-16
Solomon Islands,Muertes por Ictus Isquémico,0.0
Solomon Islands,Muertes por Ictus Hemorrágico,3.3306690738754695e-17
Solomon Islands,Muertes por Enfermedad Cardíaca Isquémica,4.662936703425658e-16
Tonga,Muertes por Enfermedad Cardíaca Reumática,1.7985612998927535e-15
Tonga,"Muertes por Cardiomiopatía, Miocarditis y Endocarditis",-1.5376588891058418e-15
Tonga,Muertes por Enfermedades Circulatorias,-3.3306690738754695e-17
Tonga,Muertes por Enfermedad Cardíaca Hipertensiva,2.015054789694659e-15
Tonga,Muertes por Ictus Isquémico,2.7755575615628914e-16
Tonga,Muertes por Ictus Hemorrágico,4.529709940470638e-15
Tonga,Muertes por Enfermedad Cardíaca Isquémica,-2.7755575615628914e-16
Vanuatu,Muertes por Enfermedad Cardíaca Reumática,-1.7763568394002506e-16
Vanuatu,"Muertes por Cardiomiopatía, Miocarditis y Endocarditis",-9.103828801926283e-16
Vanuatu,Muertes por Enfermedades Circulatorias,2.886579864025407e-16
Vanuatu,Muertes por Enfermedad Cardíaca Hipertensiva,1.1102230246251566e-17
Vanuatu,Muertes por Ictus Isquémico,1.9984014443252818e-16
Vanuatu,Muertes por Ictus Hemorrágico,3.4416913763379854e-16
Vanuatu,Muertes por Enfermedad Cardíaca Isquémica,-3.9968028886505636e-16
World,Muertes por Enfermedad Cardíaca Reumática,-2.930988785010413e-15
World,"Muertes por Cardiomiopatía, Miocarditis y Endocarditis",1.0269562977782698e-15
World,Muertes por Enfermedades Circulatorias,-4.3298697960381104e-16
World,Muertes por Enfermedad Cardíaca Hipertensiva,2.997602166487923e-16
World,Muertes por Ictus Isquémico,1.1546319456101628e-15
World,Muertes por Ictus Hemorrágico,-1.3855583347321953e-14
World,Muertes por Enfermedad Cardíaca Isquémica,-3.4416913763379854e-16
Mundo,Muertes por Enfermedad Cardíaca Isquémica,1.8698493046318426e-18
